repo_url,original_repo_url
https://github.com/ElsevierSoftwareX/SOFTX-D-15-00002,https://github.com/radical-cybertools/radical.saga
https://github.com/ElsevierSoftwareX/SOFTX-D-15-00004,https://github.com/Kitware/VTK
https://github.com/ElsevierSoftwareX/SOFTX-D-15-00026,https://github.com/maclab/skinware
https://github.com/ElsevierSoftwareX/SOFTX-D-15-00014,https://github.com/anyFish-Editor/anyFish-2.0
https://github.com/ElsevierSoftwareX/SOFTX-D-15-00005,https://github.com/cybergis/cybergis-toolkit
https://github.com/ElsevierSoftwareX/SOFTX-D-15-00006,https://github.com/cygnusc/grace
https://github.com/ElsevierSoftwareX/SOFTX-D-15-00055,https://github.com/openstack-archive/ooi
https://github.com/ElsevierSoftwareX/SOFTX-D-15-00087,https://github.com/peterddrummond/xspde_matlab
https://github.com/ElsevierSoftwareX/SOFTX-D-15-00071,https://github.com/Elima85/softwarex-lattice
https://github.com/ElsevierSoftwareX/SOFTX-D-16-00022,https://github.com/spectrafox/spectrafox
https://github.com/ElsevierSoftwareX/SOFTX-D-15-00072,https://github.com/StuntsPT/NCBI_Mass_Downloader
https://github.com/ElsevierSoftwareX/SOFTX-D-16-00027,https://github.com/itesla/ipsl
https://github.com/ElsevierSoftwareX/SOFTX-D-16-00024,https://github.com/OceletTeam/ocelet
https://github.com/ElsevierSoftwareX/SOFTX-D-15-00054,https://github.com/ocayaro/Velocity-Stormer-Verlet
https://github.com/ElsevierSoftwareX/SOFTX-D-15-00046,https://github.com/AFDL/LFIT
https://github.com/ElsevierSoftwareX/SOFTX-D-15-00086,https://github.com/mfragkoulis/PiCO_QL
https://github.com/ElsevierSoftwareX/SOFTX-D-16-00026,https://github.com/ALSETLab/RaPId
https://github.com/ElsevierSoftwareX/SOFTX-D-16-00039,https://github.com/bbence84/duenna
https://github.com/ElsevierSoftwareX/SOFTX-D-16-00066,https://github.com/remixlab/proscene
https://github.com/ElsevierSoftwareX/SOFTX-D-17-00056,https://github.com/gmelenka/BraidedCompositeAnalyticalModel
https://github.com/ElsevierSoftwareX/SOFTX-D-17-00017,https://github.com/popova-ob-77/Optimel
https://github.com/ElsevierSoftwareX/SOFTX-D-16-00069,https://github.com/timofeymukha/eddylicious
https://github.com/ElsevierSoftwareX/SOFTX-D-16-00070,https://github.com/polysimtools/pysimm
https://github.com/ElsevierSoftwareX/SOFTX-D-16-00074,https://github.com/pbw20/SULISO
https://github.com/ElsevierSoftwareX/SOFTX-D-16-00075,https://github.com/JackMcCubbine/Gsolve1
https://github.com/ElsevierSoftwareX/SOFTX_2018_37,https://github.com/AbdulSalam2016/SADEAT-Stochastic-Combined-Heat-and-Power-Anaerobic-Digestion-Economic-Assessment-Tool
https://github.com/ElsevierSoftwareX/SOFTX-D-16-00139,https://github.com/pratas/goose
https://github.com/ElsevierSoftwareX/SOFTX-D-16-00086,https://github.com/mimgrund/rambrain
https://github.com/ElsevierSoftwareX/SOFTX-D-16-00087,https://github.com/DanieleDeSensi/mammut
https://github.com/ElsevierSoftwareX/SOFTX-D-16-00028,https://github.com/UTBiomedicalInformaticsLab/ProbabilityWheelAndroid
https://github.com/ElsevierSoftwareX/SOFTX-D-16-00038,https://github.com/MahdiNabil/CFD-PC
https://github.com/ElsevierSoftwareX/SOFTX-D-16-00032,https://github.com/mariomulansky/PySpike
https://github.com/ElsevierSoftwareX/SOFTX-D-16-00034,https://github.com/GilmarPereira/FBG_SiMul
https://github.com/ElsevierSoftwareX/SOFTX-D-16-00047,https://github.com/cliu9/TraSER
https://github.com/ElsevierSoftwareX/SOFTX-D-16-00090,https://github.com/salimk/Rcrawler
https://github.com/ElsevierSoftwareX/SOFTX-D-16-00092,https://github.com/Ulm-IQO/qudi
https://github.com/ElsevierSoftwareX/SOFTX-D-16-00161,https://github.com/MahmoudFayed/PWCT_Mirror_From_Sourceforge
https://github.com/ElsevierSoftwareX/SOFTX-D-16-00091,https://github.com/draldric/OSM
https://github.com/ElsevierSoftwareX/SOFTX-D-16-00185,https://github.com/CarlSandstrom/Voxel2Tet
https://github.com/ElsevierSoftwareX/SOFTX-D-17-00001,https://github.com/cagatayyildiz/boun-sim
https://github.com/ElsevierSoftwareX/SOFTX-D-17-00003,https://github.com/informatik-mannheim/genetic-code-analysis-toolkit
https://github.com/ElsevierSoftwareX/SOFTX-D-16-00056,https://github.com/seismology-RUB/ASKI
https://github.com/ElsevierSoftwareX/SOFTX-D-16-00041,https://github.com/alhamaydeh/INSPECT
https://github.com/ElsevierSoftwareX/SOFTX-D-15-00051,https://github.com/badlands-model/badlands
https://github.com/ElsevierSoftwareX/SOFTX-D-16-00168,https://github.com/UCL-ShippingGroup/superpyrate
https://github.com/ElsevierSoftwareX/SOFTX-D-17-00007,https://github.com/Sammie-Jo/MergeBathy_Repos-mergeBathy_CPP
https://github.com/ElsevierSoftwareX/SOFTX-D-17-00008,https://github.com/ati-ozgur/RmSAT-CFAR
https://github.com/ElsevierSoftwareX/SOFTX-D-17-00012,https://github.com/PacoSalas/PyCaMa
https://github.com/ElsevierSoftwareX/SOFTX-D-17-00013,https://github.com/MatteoRagni/cas-rb
https://github.com/ElsevierSoftwareX/SOFTX-D-17-00018,https://github.com/SergeDmi/ConfocalGN
https://github.com/ElsevierSoftwareX/SOFTX-D-17-00019,https://github.com/ALSETLab/Audur
https://github.com/ElsevierSoftwareX/SOFTX-D-17-00021,https://github.com/FAIMS/faims-android
https://github.com/ElsevierSoftwareX/SOFTX-D-17-00022,https://github.com/akintsakis/Hermes
https://github.com/ElsevierSoftwareX/SOFTX-D-16-00015,https://github.com/PAPARA-ZZ-I/PAPARA-ZZ-I
https://github.com/ElsevierSoftwareX/SOFTX-D-16-00063,https://github.com/galkintool/galkin
https://github.com/ElsevierSoftwareX/SOFTX-D-16-00020,https://github.com/RajeswaranV/proportion
https://github.com/ElsevierSoftwareX/SOFTX-D-15-00038,https://github.com/cormorant/CodaNorm
https://github.com/ElsevierSoftwareX/SOFTX-D-17-00023,https://github.com/OlivierGeorgeon/IOS-AImergence
https://github.com/ElsevierSoftwareX/PTPPP,https://github.com/sinan1983/-Parabolic-Trough-Power-Plant-Performance-PTPPP-
https://github.com/ElsevierSoftwareX/SOFTX-D-17-00028,https://github.com/TheFragebogen/TheFragebogen
https://github.com/ElsevierSoftwareX/SOFTX-D-17-00029,https://github.com/aboria/Aboria
https://github.com/ElsevierSoftwareX/SOFTX-D-17-00031,https://github.com/msreis/featsel
https://github.com/ElsevierSoftwareX/SOFTX-D-16-00098,https://github.com/gladk/trunk
https://github.com/ElsevierSoftwareX/SOFTX-D-15-00079,https://github.com/raffalba/MYSIRR
https://github.com/ElsevierSoftwareX/SOFTX-D-17-00033,https://github.com/t-weber/takin
https://github.com/ElsevierSoftwareX/SOFTX-D-17-00005,https://github.com/eRDFAnalyser/MATLABv1
https://github.com/ElsevierSoftwareX/SOFTX-D-16-00062,https://github.com/JhonathaRicardo/ASAS
https://github.com/ElsevierSoftwareX/SOFTX-D-16-00050,https://github.com/ALSETLab/BabelFish
https://github.com/ElsevierSoftwareX/SOFTX-D-17-00059,https://github.com/Prof-Boualem-Boashash/TFSAP-7.1-software-package
https://github.com/ElsevierSoftwareX/SOFTX-D-17-00057,https://github.com/bykhov/sde_exp_acf
https://github.com/ElsevierSoftwareX/SOFTX-D-17-00058,https://github.com/jcvasquezc/NeuroSpeech
https://github.com/ElsevierSoftwareX/SOFTX-D-16-00044,https://github.com/esbmc/esbmc
https://github.com/ElsevierSoftwareX/SOFTX-D-17-00070,https://github.com/marcoStocchi/DSPX_Fast_wavelet_transform_assisted_predictors_of_streaming_time_series
https://github.com/ElsevierSoftwareX/SOFTX-D-16-00046,https://github.com/tashuri/compsim
https://github.com/ElsevierSoftwareX/SOFTX-D-17-00050,https://github.com/soderstromk/KLFromRecordingDays
https://github.com/ElsevierSoftwareX/SOFTX-D-17-00063,https://github.com/shankar1729/jdftx
https://github.com/ElsevierSoftwareX/SOFTX-D-17-00088,https://github.com/dogacbasaran/Multiple-Audio-Alignment
https://github.com/ElsevierSoftwareX/SOFTX-D-17-00092,https://github.com/onuryorulmaz/Deconvolution
https://github.com/ElsevierSoftwareX/SOFTX-D-17-00094,https://github.com/emrecimen/CIOL-ICF
https://github.com/ElsevierSoftwareX/SOFTX-D-17-00095,https://github.com/kasprowski/etcal
https://github.com/ElsevierSoftwareX/SOFTX-D-17-00097,https://github.com/Prof-Boualem-Boashash/MTFSP_Software_package
https://github.com/ElsevierSoftwareX/SOFTX-D-17-00065,https://github.com/qusers/Q6
https://github.com/ElsevierSoftwareX/SOFTX-D-17-00014,https://github.com/dinesharanathunga/mgtoolkit
https://github.com/ElsevierSoftwareX/SOFTX-D-17-00039,https://github.com/kfli/SIR
https://github.com/ElsevierSoftwareX/SOFTX-D-16-00059,https://github.com/zekollari/TopoZeko
https://github.com/ElsevierSoftwareX/SOFTX-D-17-00072,https://github.com/fmckenna/OpenSeesInterpreter
https://github.com/ElsevierSoftwareX/softwarex_paper,https://github.com/Project-IO/softwarex_paper
https://github.com/ElsevierSoftwareX/SOFTX-D-17-00073,https://github.com/kree/autocnet
https://github.com/ElsevierSoftwareX/SOFTX-D-17-00091,https://github.com/pglelievre/facetmodeller
https://github.com/ElsevierSoftwareX/DuctApe,https://github.com/combogenomics/DuctApe
https://github.com/ElsevierSoftwareX/SOFTX-D-17-00055,https://github.com/BackofenLab/MICA
https://github.com/ElsevierSoftwareX/SOFTX-D-18-00007,https://github.com/cfdemons/LUMA
https://github.com/ElsevierSoftwareX/SOFTX-D-17-00089,https://github.com/mrmushfiq/qalma
https://github.com/ElsevierSoftwareX/SOFTX-D-17-00040,https://github.com/skeru/libVersioningCompiler
https://github.com/ElsevierSoftwareX/SOFTX-D-17-00077,https://github.com/dpscience/DLTPulseGenerator
https://github.com/ElsevierSoftwareX/SOFTX-D-16-00014,https://github.com/suleimanyerima/MobiQ-survey-app
https://github.com/ElsevierSoftwareX/SOFTX-D-16-00010,https://github.com/bwrc/midas
https://github.com/ElsevierSoftwareX/SOFTX_2018_19,https://github.com/dkazanc/TomoPhantom
https://github.com/ElsevierSoftwareX/SOFTX_2018_35,https://github.com/kamyar68/-IASM
https://github.com/ElsevierSoftwareX/SOFTX-D-18-00002,https://github.com/agb32/dasp
https://github.com/ElsevierSoftwareX/SOFTX-D-17-00043,https://github.com/eclipse/ice
https://github.com/ElsevierSoftwareX/SOFTX-D-16-00021,https://github.com/geojunky/spgm
https://github.com/ElsevierSoftwareX/SOFTX_2018_48,https://github.com/eclipse/xacc
https://github.com/ElsevierSoftwareX/SOFTX_2018_45,https://github.com/VaccineAndDrugEvaluationCentre/code-diary-sas
https://github.com/ElsevierSoftwareX/SOFTX_2018_63,https://github.com/luis-r-izquierdo/EvoDyn-3s
https://github.com/ElsevierSoftwareX/SOFTX-D-18-00009,https://github.com/ALSETLab/S3DK-STRONGgrid
https://github.com/ElsevierSoftwareX/SOFTX-D-17-00079,https://github.com/loutfouz/shk9
https://github.com/ElsevierSoftwareX/SOFTX_2018_90,https://github.com/Mauro-Glass-Group/RelaxPy
https://github.com/ElsevierSoftwareX/SOFTX-D-17-00010,https://github.com/ozbasaran/solveTruss
https://github.com/ElsevierSoftwareX/SOFTX_2018_44,https://github.com/neutrons/web_reflectivity
https://github.com/ElsevierSoftwareX/SOFTX_2018_97,https://github.com/agladstein/SimPrily
https://github.com/ElsevierSoftwareX/SOFTX_2018_81,https://github.com/sq-meng/multiflexxlib
https://github.com/ElsevierSoftwareX/SOFTX_2018_83,https://github.com/EdithCowan/sleepMonitor
https://github.com/ElsevierSoftwareX/SOFTX_2018_105,https://github.com/djsilva99/heatrapy
https://github.com/ElsevierSoftwareX/SOFTX_2018_114,https://github.com/eitcom/pyEIT
https://github.com/ElsevierSoftwareX/SOFTX-D-16-00065,https://github.com/mathLab/deal2lkit
https://github.com/ElsevierSoftwareX/SOFTX_2018_38,https://github.com/MattiaMontanari/openGJK
https://github.com/ElsevierSoftwareX/SOFTX_2018_190,https://github.com/Konjkov/QMC-snakemake-workflow
https://github.com/ElsevierSoftwareX/SOFTX_2018_119,https://github.com/menta78/alphaBetaLab
https://github.com/ElsevierSoftwareX/SOFTX_2018_137,https://github.com/eamontoyaa/pyBIMstab
https://github.com/ElsevierSoftwareX/SOFTX-D-17-00009,https://github.com/burgosz/openstack-horizon-shibboleth
https://github.com/ElsevierSoftwareX/SOFTX_2018_104,https://github.com/pham-hung/Subsidence_Feflow
https://github.com/ElsevierSoftwareX/SOFTX_2018_93,https://github.com/GOMC-WSU/GOMC
https://github.com/ElsevierSoftwareX/SOFTX_2018_32,https://github.com/portalTS/json-gui
https://github.com/ElsevierSoftwareX/SOFTX_2018_67,https://github.com/swifiic/Vectors
https://github.com/ElsevierSoftwareX/SOFTX_2018_200,https://github.com/forestsim-mtu/forestsim
https://github.com/ElsevierSoftwareX/SOFTX_2018_207,https://github.com/epmmko/sp-wax
https://github.com/ElsevierSoftwareX/SOFTX_2018_106,https://github.com/emptyewer/MALTA
https://github.com/ElsevierSoftwareX/SOFTX_2018_185,https://github.com/jvencels/EOF-Library
https://github.com/ElsevierSoftwareX/SOFTX_2018_172,https://github.com/kronbichler/exwave
https://github.com/ElsevierSoftwareX/SOFTX_2018_84,https://github.com/anabiman/pygran
https://github.com/ElsevierSoftwareX/SOFTX_2018_197,https://github.com/shoparmathur/NDECOAX
https://github.com/ElsevierSoftwareX/SOFTX_2018_148,https://github.com/orbingol/NURBS-Python
https://github.com/ElsevierSoftwareX/SOFTX_2018_179,https://github.com/dmici/NeuTomPy-toolbox
https://github.com/ElsevierSoftwareX/SOFTX_2018_240,https://github.com/ai4iacts/hexagdly
https://github.com/ElsevierSoftwareX/SOFTX_2018_138,https://github.com/dafer45/TBTK
https://github.com/ElsevierSoftwareX/SOFTX_2018_211,https://github.com/evoplex/evoplex
https://github.com/ElsevierSoftwareX/SOFTX_2018_29,https://github.com/UCD-ElectricityResearchCenter/SimApi
https://github.com/ElsevierSoftwareX/SOFTX_2018_251,https://github.com/liangtianumich/ART_data_analyzer
https://github.com/ElsevierSoftwareX/SOFTX_2018_158,https://github.com/oist/Usiigaci
https://github.com/ElsevierSoftwareX/SOFTX_2018_30,https://github.com/SSESLab/electricityandenvironment
https://github.com/ElsevierSoftwareX/SOFTX_2018_227,https://github.com/Jose-Alvarez/FMC
https://github.com/ElsevierSoftwareX/SOFTX_2018_111,https://github.com/IdentiCyte/IdentiCyte
https://github.com/ElsevierSoftwareX/SOFTX_2018_116,https://github.com/virocon-organization/virocon
https://github.com/ElsevierSoftwareX/SOFTX_2018_161,https://github.com/vais-ral/CCPi-Regularisation-Toolkit
https://github.com/ElsevierSoftwareX/SOFTX_2018_184,https://github.com/mroughan/SurrealNumbers.jl
https://github.com/ElsevierSoftwareX/SOFTX_2018_49,https://github.com/AUEB-BALab/RepoFS
https://github.com/ElsevierSoftwareX/SOFTX_2019_131,https://github.com/LeonardoRicci/netOnZeroDXC
https://github.com/ElsevierSoftwareX/SOFTX_2018_135,https://github.com/specs-feup/nonio
https://github.com/ElsevierSoftwareX/SOFTX_2018_36,https://github.com/ALSETLab/cim2modelica
https://github.com/ElsevierSoftwareX/SOFTX_2018_14,https://github.com/openQSEI/openQSEI
https://github.com/ElsevierSoftwareX/SOFTX_2018_9,https://github.com/unep-grid/mapx
https://github.com/ElsevierSoftwareX/SOFTX_2018_18,https://github.com/alhamaydeh/INSPECT-PBEE
https://github.com/ElsevierSoftwareX/SOFTX_2018_262,https://github.com/dtm-project/dwr-diffusion
https://github.com/ElsevierSoftwareX/SOFTX_2018_178,https://github.com/NLeSC/spot
https://github.com/ElsevierSoftwareX/udocker,https://github.com/indigo-dc/udocker
https://github.com/ElsevierSoftwareX/SOFTX_2019_66,https://github.com/tomflint22/HEDSATS
https://github.com/ElsevierSoftwareX/SOFTX_2018_74,https://github.com/TRIP-Lab/itinerum-mobile-api
https://github.com/ElsevierSoftwareX/SOFTX_2018_51,https://github.com/alanwilter/acpype
https://github.com/ElsevierSoftwareX/SOFTX_2019_111,https://github.com/laristra/libristra
https://github.com/ElsevierSoftwareX/SOFTX_2019_14,https://github.com/hahnec/plenoptisign
https://github.com/ElsevierSoftwareX/SOFTX_2018_128,https://github.com/switch-model/switch
https://github.com/ElsevierSoftwareX/SOFTX_2019_142,https://github.com/Queens-Physics/qexpy
https://github.com/ElsevierSoftwareX/SOFTX_2019_75,https://github.com/BZPaper/RTransferEntropy
https://github.com/ElsevierSoftwareX/SOFTX_2019_55,https://github.com/pybliometrics-dev/pybliometrics
https://github.com/ElsevierSoftwareX/SOFTX_2018_261,https://github.com/tabbydoc/tabbyxl
https://github.com/ElsevierSoftwareX/SOFTX_2019_65,https://github.com/dpscience/DDRS4PALS
https://github.com/ElsevierSoftwareX/SOFTX-D-18-00011,https://github.com/PMEAL/pytrax
https://github.com/ElsevierSoftwareX/SOFTX_2019_69,https://github.com/neutronimaging/KipTool
https://github.com/ElsevierSoftwareX/SOFTX_2019_130,https://github.com/omelchert/optfrog
https://github.com/ElsevierSoftwareX/SOFTX_2019_110,https://github.com/itsoulos/NNC
https://github.com/ElsevierSoftwareX/SOFTX_2019_180,https://github.com/MPBA/pyphysio
https://github.com/ElsevierSoftwareX/SOFTX_2019_172,https://github.com/buxomant/NewsCompareBackend
https://github.com/ElsevierSoftwareX/SOFTX_2019_21,https://github.com/SERVIRglobal/ForestConservationTargetingTool
https://github.com/ElsevierSoftwareX/SOFTX_2019_49,https://github.com/USCCACS/QXMD
https://github.com/ElsevierSoftwareX/SOFTX_2018_270,https://github.com/K1-ZR/midas-vt-pre
https://github.com/ElsevierSoftwareX/SOFTX_2018_162,https://github.com/mihiranpathmika/CPL1.0
https://github.com/ElsevierSoftwareX/SOFTX_2018_60,https://github.com/SSESLab/laf
https://github.com/ElsevierSoftwareX/SOFTX_2019_197,https://github.com/fzama63/Upen2DTool
https://github.com/ElsevierSoftwareX/SOFTX_2019_95,https://github.com/netket/netket
https://github.com/ElsevierSoftwareX/SOFTX_2019_209,https://github.com/specs-feup/clava
https://github.com/ElsevierSoftwareX/SOFTX_2019_207,https://github.com/LyapXool/V1
https://github.com/ElsevierSoftwareX/SOFTX_2019_85,https://github.com/cunyap/pyIMD
https://github.com/ElsevierSoftwareX/SOFTX_2019_141,https://github.com/aitmlouk/DM-MCA
https://github.com/ElsevierSoftwareX/SOFTX_2019_54,https://github.com/munstermonster/cuSten
https://github.com/ElsevierSoftwareX/SOFTX_2019_243,https://github.com/higra/Higra
https://github.com/ElsevierSoftwareX/SOFTX_2019_198,https://github.com/rgerum/cameratransform
https://github.com/ElsevierSoftwareX/SOFTX_2019_23,https://github.com/SimcaCrow/Runner
https://github.com/ElsevierSoftwareX/SOFTX_2019_167,https://github.com/shuzhiquan/IRIC
https://github.com/ElsevierSoftwareX/SOFTX_2019_43,https://github.com/aff3ct/aff3ct
https://github.com/ElsevierSoftwareX/SOFTX_2018_17,https://github.com/clbustos/buhos
https://github.com/ElsevierSoftwareX/SOFTX_2018_54,https://github.com/gfgprojects/gabriele
https://github.com/ElsevierSoftwareX/SOFTX_2018_42,https://github.com/USCCACS/GEARS
https://github.com/ElsevierSoftwareX/SOFTX_2019_249,https://github.com/jeremiahws/dlae
https://github.com/ElsevierSoftwareX/SOFTX_2019_224,https://github.com/marcovianello/CaTchDes
https://github.com/ElsevierSoftwareX/SOFTX_2019_222,https://github.com/itsoulos/GenConstraint
https://github.com/ElsevierSoftwareX/SOFTX_2019_241,https://github.com/saadgroup/PyMaxEnt
https://github.com/ElsevierSoftwareX/SOFTX_2019_246,https://github.com/issamhammad/RETSManager
https://github.com/ElsevierSoftwareX/SOFTX_2019_210,https://github.com/LanceFiondella/SFRAT-Automated-Report
https://github.com/ElsevierSoftwareX/srt.core,https://github.com/LanceFiondella/srt.core
https://github.com/ElsevierSoftwareX/SOFTX_2019_106,https://github.com/PyLops/pylops
https://github.com/ElsevierSoftwareX/SOFTX_2019_295,https://github.com/AvalZ/WAF-A-MoLE
https://github.com/ElsevierSoftwareX/SOFTX_2019_250,https://github.com/danielmsilvestre/OPTool
https://github.com/ElsevierSoftwareX/SOFTX_2019_219,https://github.com/MRKonrad/tomato
https://github.com/ElsevierSoftwareX/SOFTX_2019_248,https://github.com/vvkisil/MoebInv-notebooks
https://github.com/ElsevierSoftwareX/SOFTX_2018_220,https://github.com/aharwood2/JBlockCreator
https://github.com/ElsevierSoftwareX/SOFTX_2019_285,https://github.com/datadrivencontrol/pyvrft
https://github.com/ElsevierSoftwareX/SOFTX_2019_33,https://github.com/Coastal-Imaging-Research-Network/Station-Design-Toolbox
https://github.com/ElsevierSoftwareX/SOFTX_2019_346,https://github.com/Mauro-Glass-Group/KineticPy
https://github.com/ElsevierSoftwareX/SOFTX_2019_300,https://github.com/dannyramasawmy/ElasticMatrix
https://github.com/ElsevierSoftwareX/SOFTX_2019_61,https://github.com/cptanalatriste/isula
https://github.com/ElsevierSoftwareX/SOFTX_2019_276,https://github.com/applied-systems-biology/misa-framework
https://github.com/ElsevierSoftwareX/SOFTX_2019_163,https://github.com/cicwi/Tomos
https://github.com/ElsevierSoftwareX/SOFTX_2019_213,https://github.com/archetti/DeFinetti
https://github.com/ElsevierSoftwareX/SOFTX_2019_342,https://github.com/elejeune11/FM-Track
https://github.com/ElsevierSoftwareX/SOFTX_2018_173,https://github.com/georocket/georocket
https://github.com/ElsevierSoftwareX/SOFTX_2019_254,https://github.com/Kernel-P-Systems/kPWorkbench
https://github.com/ElsevierSoftwareX/SOFTX_2019_275,https://github.com/ClaudiuGeorgiu/Obfuscapk
https://github.com/ElsevierSoftwareX/SOFTX_2019_225,https://github.com/dfeldmann/nsCouette
https://github.com/ElsevierSoftwareX/SOFTX_2019_193,https://github.com/PolymerGuy/muDIC
https://github.com/ElsevierSoftwareX/SOFTX_2019_32,https://github.com/USCCACS/RXMD
https://github.com/ElsevierSoftwareX/OpenFOAM-dev,https://github.com/OpenFOAM/OpenFOAM-dev
https://github.com/ElsevierSoftwareX/SOFTX_2019_64,https://github.com/caeliaITAINNOVA/Twinkle
https://github.com/ElsevierSoftwareX/SOFTX_2019_387,https://github.com/SPARC-X/M-SPARC
https://github.com/ElsevierSoftwareX/SOFTX_2019_335,https://github.com/Part2Track/Part2Track
https://github.com/ElsevierSoftwareX/SOFTX_2019_293,https://github.com/idaholab/moose
https://github.com/ElsevierSoftwareX/SOFTX_2019_265,https://github.com/tahir80/Crowd_of_Oz
https://github.com/ElsevierSoftwareX/SOFTX_2019_318,https://github.com/BLNNdevs/BLNN
https://github.com/ElsevierSoftwareX/SOFTX_2020_7,https://github.com/pygpc-polynomial-chaos/pygpc
https://github.com/ElsevierSoftwareX/SOFTX_2019_365,https://github.com/phadjido/DiscreteLatticeMech
https://github.com/ElsevierSoftwareX/SOFTX_2019_288,https://github.com/joalceco/NeuroFramework
https://github.com/ElsevierSoftwareX/SOFTX_2019_202,https://github.com/RobinHankin/permutations
https://github.com/ElsevierSoftwareX/SOFTX_2018_217,https://github.com/utsb-fmm/FHRMA
https://github.com/ElsevierSoftwareX/SOFTX_2020_1,https://github.com/fraunhoferportugal/tsfel
https://github.com/ElsevierSoftwareX/SOFTX_2019_277,https://github.com/RiverArchitect/program
https://github.com/ElsevierSoftwareX/SOFTX_2019_247,https://github.com/BorisBogaerts/CoppeliaSim-VR-Toolbox
https://github.com/ElsevierSoftwareX/SOFTX_2019_235,https://github.com/Jamcor/TrackPad
https://github.com/ElsevierSoftwareX/SOFTX_2019_239,https://github.com/VlachosGroup/renview
https://github.com/ElsevierSoftwareX/SOFTX_2019_301,https://github.com/kamberaj/sifmv1
https://github.com/ElsevierSoftwareX/SOFTX_2019_303,https://github.com/mmsnasser/PlgCirMap
https://github.com/ElsevierSoftwareX/SOFTX_2019_361,https://github.com/majroy/pyCM
https://github.com/ElsevierSoftwareX/SOFTX_2019_190,https://github.com/sozykinsa/Kinetic-calculation
https://github.com/ElsevierSoftwareX/SOFTX_2019_244,https://github.com/lmcv-ufc/MicroFEA
https://github.com/ElsevierSoftwareX/SOFTX_2020_30,https://github.com/imfd-stroemungsmechanik/atomizationFoam
https://github.com/ElsevierSoftwareX/SOFTX_2020_16,https://github.com/root-project/root
https://github.com/ElsevierSoftwareX/SOFTX_2019_242,https://github.com/patricialvesoliveira/YOLO-Software
https://github.com/ElsevierSoftwareX/SOFTX_2019_323,https://github.com/labbcb/hpexome
https://github.com/ElsevierSoftwareX/SOFTX_2019_302,https://github.com/DeepRank/iScore
https://github.com/ElsevierSoftwareX/SOFTX_2019_74,https://github.com/niemasd/TreeSwift
https://github.com/ElsevierSoftwareX/SOFTX_2019_366,https://github.com/FlowModelingControl/SCOUT
https://github.com/ElsevierSoftwareX/SOFTX_2019_176,https://github.com/temf/bembel
https://github.com/ElsevierSoftwareX/SOFTX_2019_160,https://github.com/chstan/arpes
https://github.com/ElsevierSoftwareX/SOFTX_2019_135,https://github.com/uf2c/uf2c_toolbox
https://github.com/ElsevierSoftwareX/SOFTX_2020_50,https://github.com/JPETTomography/j-pet-framework
https://github.com/ElsevierSoftwareX/SOFTX_2020_13,https://github.com/nonlinearfun/CU-BENs
https://github.com/ElsevierSoftwareX/SOFTX_2019_350,https://github.com/subasish/RuralSpeedSafetyX
https://github.com/ElsevierSoftwareX/SOFTX_2020_183,https://github.com/grongen/anduryl
https://github.com/ElsevierSoftwareX/SOFTX_2019_262,https://github.com/helonayala/narmax
https://github.com/ElsevierSoftwareX/SOFTX_2020_49,https://github.com/TRI-AMDD/beep
https://github.com/ElsevierSoftwareX/SOFTX_2019_51,https://github.com/crss-lab/ASS4HR
https://github.com/ElsevierSoftwareX/SOFTX_2019_376,https://github.com/zfit/zfit
https://github.com/ElsevierSoftwareX/SOFTX_2019_326,https://github.com/rwhiteheadanderson/pystprism
https://github.com/ElsevierSoftwareX/SOFTX_2020_25,https://github.com/SoftengPoliTo/powtran
https://github.com/ElsevierSoftwareX/SOFTX_2020_91,https://github.com/ppgaluzio/MOBOpt
https://github.com/ElsevierSoftwareX/SOFTX_2019_354,https://github.com/curlyae1995/GSimPy
https://github.com/ElsevierSoftwareX/SOFTX_2020_9,https://github.com/IBM/torc_py
https://github.com/ElsevierSoftwareX/SOFTX_2019_336,https://github.com/fiftysevendegreesofrad/sdna_open
https://github.com/ElsevierSoftwareX/SOFTX_2019_363,https://github.com/OleksiyPenkov/X-RayCalc
https://github.com/ElsevierSoftwareX/SOFTX_2020_42,https://github.com/marcopsr2020/nanoptics
https://github.com/ElsevierSoftwareX/SOFTX_2019_258,https://github.com/giuseppefutia/semi
https://github.com/ElsevierSoftwareX/SOFTX_2020_15,https://github.com/AzimAhmadzadeh/mvtsdata_toolkit
https://github.com/ElsevierSoftwareX/SOFTX_2019_367,https://github.com/CemreTUDelft/DES_PoR_Tool
https://github.com/ElsevierSoftwareX/SOFTX_2018_248,https://github.com/TRASAL/AMBER
https://github.com/ElsevierSoftwareX/SOFTX_2019_368,https://github.com/sed-inf-u-szeged/DeepWaterFramework
https://github.com/ElsevierSoftwareX/SOFTX_2020_147,https://github.com/cobilab/gto
https://github.com/ElsevierSoftwareX/SOFTX_2019_357,https://github.com/xcompact3d/Incompact3d
https://github.com/ElsevierSoftwareX/SOFTX_2020_22,https://github.com/saadgroup/PyModPDE
https://github.com/ElsevierSoftwareX/SOFTX_2020_8,https://github.com/asiripanich/dymium
https://github.com/ElsevierSoftwareX/SOFTX_2019_370,https://github.com/bjpop/HiTIME-CPP
https://github.com/ElsevierSoftwareX/SOFTX_2019_320,https://github.com/Kyripana/HC-4-PM
https://github.com/ElsevierSoftwareX/SOFTX_2018_252,https://github.com/SudeepSarkar/matlabHTM
https://github.com/ElsevierSoftwareX/SOFTX_2019_252,https://github.com/ornladios/ADIOS2
https://github.com/ElsevierSoftwareX/SOFTX_2020_208,https://github.com/DyssolTEC/Dyssol-open
https://github.com/ElsevierSoftwareX/SOFTX_2020_200,https://github.com/lethe-cfd/lethe
https://github.com/ElsevierSoftwareX/SOFTX_2020_173,https://github.com/OpenHeartDevelopers/CemrgApp
https://github.com/ElsevierSoftwareX/SOFTX_2020_197,https://github.com/LeonardoRicci/MiRNA-QC-and-Diagnosis
https://github.com/ElsevierSoftwareX/SOFTX_2020_260,https://github.com/cristian12144/Spin-Up-Geomtry
https://github.com/ElsevierSoftwareX/SOFTX_2020_242,https://github.com/CenterForTheBuiltEnvironment/comfort_tool
https://github.com/ElsevierSoftwareX/SOFTX_2019_231,https://github.com/mutationpp/Mutationpp
https://github.com/ElsevierSoftwareX/SOFTX_2019_390,https://github.com/GIRI-EPN/PhySim-11p
https://github.com/ElsevierSoftwareX/SOFTX_2020_228,https://github.com/conlin-matt/SurfRCaT
https://github.com/ElsevierSoftwareX/SOFTX_2020_249,https://github.com/EMS-TU-Ilmenau/EADF
https://github.com/ElsevierSoftwareX/SOFTX_2020_236,https://github.com/Coastal-Imaging-Research-Network/CIRN-Quantitative-Coastal-Imaging-Toolbox
https://github.com/ElsevierSoftwareX/SOFTX_2020_250,https://github.com/CenterForTheBuiltEnvironment/pythermalcomfort
https://github.com/ElsevierSoftwareX/SOFTX_2020_237,https://github.com/LeandroLimaRa/UnBlocks-gen
https://github.com/ElsevierSoftwareX/SOFTX_2020_80,https://github.com/yawlfoundation/yawl
https://github.com/ElsevierSoftwareX/SOFTX_2020_14,https://github.com/ericmedvet/2dhmsr
https://github.com/ElsevierSoftwareX/SOFTX-D-20-00002,https://github.com/MJOLNIRPackage/MJOLNIR
https://github.com/ElsevierSoftwareX/SOFTX_2020_214,https://github.com/m-anand/INFOBAR
https://github.com/ElsevierSoftwareX/SOFTX_2020_229,https://github.com/zwt-sdk/zwt
https://github.com/ElsevierSoftwareX/SOFTX_2019_352,https://github.com/ApirsAL/GeoReVi
https://github.com/ElsevierSoftwareX/SOFTX_2019_384,https://github.com/stebond/TOUGH2Viewer
https://github.com/ElsevierSoftwareX/SOFTX_2020_146,https://github.com/KulikovaSofya/StimVis_TMS
https://github.com/ElsevierSoftwareX/SOFTX_2020_234,https://github.com/domenico-suriano/SentinAir
https://github.com/ElsevierSoftwareX/SOFTX_2019_328,https://github.com/sherpa-ai/sherpa
https://github.com/ElsevierSoftwareX/SOFTX_2019_181,https://github.com/AlexandreDecan/sismic
https://github.com/ElsevierSoftwareX/SOFTX-D-20-00001,https://github.com/kip-hart/MicroStructPy
https://github.com/ElsevierSoftwareX/SOFTX_2020_116,https://github.com/Jerome-LMA/oscar
https://github.com/ElsevierSoftwareX/SOFTX-D-20-00014,https://github.com/OpenPIV/openpiv-matlab
https://github.com/ElsevierSoftwareX/SOFTX_2020_254,https://github.com/Nebula-simulator/Nebula
https://github.com/ElsevierSoftwareX/SOFTX_2020_274,https://github.com/openMMF/Multimode-Floquet
https://github.com/ElsevierSoftwareX/SOFTX_2020_268,https://github.com/laristra/flecsph
https://github.com/ElsevierSoftwareX/SOFTX_2020_198,https://github.com/jcmartinez10/PackageCargo
https://github.com/ElsevierSoftwareX/SOFTX-D-20-00015,https://github.com/guilindner/VortexFitting
https://github.com/ElsevierSoftwareX/SOFTX_2019_279,https://github.com/omuse-geoscience/omuse
https://github.com/ElsevierSoftwareX/SOFTX_2020_29,https://github.com/nanhung/pksensi
https://github.com/ElsevierSoftwareX/SOFTX-D-20-00017,https://github.com/WENO-OF/WENOEXT
https://github.com/ElsevierSoftwareX/SOFTX_2020_142,https://github.com/amaelkady/EaRL
https://github.com/ElsevierSoftwareX/SOFTX_2020_153,https://github.com/LBC-LNBio/parKVFinder
https://github.com/ElsevierSoftwareX/SOFTX_2020_188,https://github.com/hpclab/rankeval
https://github.com/ElsevierSoftwareX/SOFTX-D-20-00047,https://github.com/LyapXool/V2
https://github.com/ElsevierSoftwareX/SOFTX-D-20-00021,https://github.com/comp-physics/QBMMlib
https://github.com/ElsevierSoftwareX/SOFTX-D-20-00025,https://github.com/msolids/musen
https://github.com/ElsevierSoftwareX/SOFTX-D-20-00023,https://github.com/joksas/badcrossbar
https://github.com/ElsevierSoftwareX/SOFTX_2020_119,https://github.com/kwwette/swiglal
https://github.com/ElsevierSoftwareX/SOFTX-D-20-00020,https://github.com/linssab/XISMuS
https://github.com/ElsevierSoftwareX/SOFTX_2019_325,https://github.com/eEcoLiDAR/laserchicken
https://github.com/ElsevierSoftwareX/SOFTX_2020_63,https://github.com/capocchi/DEVSimPy_mob
https://github.com/ElsevierSoftwareX/SOFTX_2020_143,https://github.com/ropensci/photosearcher
https://github.com/ElsevierSoftwareX/SOFTX_2020_180,https://github.com/votchallenge/toolkit-legacy
https://github.com/ElsevierSoftwareX/SOFTX-D-20-00035,https://github.com/jcrvz/customhys
https://github.com/ElsevierSoftwareX/SOFTX_2019_356,https://github.com/eviatarbach/parasweep
https://github.com/ElsevierSoftwareX/SOFTX-D-20-00006,https://github.com/cran/RandPro
https://github.com/ElsevierSoftwareX/SOFTX_2020_231,https://github.com/radon-h2020/radon-ansible-metrics
https://github.com/ElsevierSoftwareX/SOFTX_2020_18,https://github.com/ahmedsleem8000/PyIVNS
https://github.com/ElsevierSoftwareX/SOFTX-D-20-00050,https://github.com/mozilla/rust-code-analysis
https://github.com/ElsevierSoftwareX/SOFTX-D-20-00069,https://github.com/sere3s/takos
https://github.com/ElsevierSoftwareX/SOFTX-D-20-00010,https://github.com/KIT-IBT/ECGdeli
https://github.com/ElsevierSoftwareX/SOFTX-D-20-00052,https://github.com/scanteroch/OptiSens
https://github.com/ElsevierSoftwareX/SOFTX-D-20-00063,https://github.com/BYUignite/ODT
https://github.com/ElsevierSoftwareX/SOFTX_2020_261,https://github.com/CINVESTAV-T18/PhotonSTR-18
https://github.com/ElsevierSoftwareX/SOFTX-D-20-00054,https://github.com/utaresearch/RealPi2dDIC
https://github.com/ElsevierSoftwareX/SOFTX-D-20-00059,https://github.com/sblauth/cashocs
https://github.com/ElsevierSoftwareX/SOFTX-D-20-00056,https://github.com/akasprzhitsky/XMHFL
https://github.com/ElsevierSoftwareX/SOFTX_2020_220,https://github.com/Vicomtech/video-content-description-VCD
https://github.com/ElsevierSoftwareX/SOFTX-D-20-00036,https://github.com/Lawson-Optics-Lab/PhaseWare
https://github.com/ElsevierSoftwareX/SOFTX-D-20-00041,https://github.com/ngrilli/Neper2CAE
https://github.com/ElsevierSoftwareX/SOFTX-D-20-00018,https://github.com/wldt/wldt-core-0.1-deprecated
https://github.com/ElsevierSoftwareX/SOFTX_2020_127,https://github.com/gwpy/gwpy
https://github.com/ElsevierSoftwareX/SOFTX-D-20-00026,https://github.com/kciomek/polyrun
https://github.com/ElsevierSoftwareX/SOFTX-D-20-00073,https://github.com/OpenRealTimeSimulation/SolverCodegen
https://github.com/ElsevierSoftwareX/SOFTX-D-20-00043,https://github.com/suaybarslan/founsure
https://github.com/ElsevierSoftwareX/SOFTX-D-20-00066,https://github.com/arvk/EZFF
https://github.com/ElsevierSoftwareX/SOFTX-D-20-00033,https://github.com/jtchavisIII/CU-MSDSp
https://github.com/ElsevierSoftwareX/SOFTX_2020_122,https://github.com/michaelorella/droppy
https://github.com/ElsevierSoftwareX/SOFTX-D-21-00023,https://github.com/t-weber/takin2
https://github.com/ElsevierSoftwareX/SOFTX-D-20-00077,https://github.com/cristian12144/SCSV_IPS
https://github.com/ElsevierSoftwareX/SOFTX_2020_39,https://github.com/ideaspot-pl/oonis
https://github.com/ElsevierSoftwareX/SOFTX-D-20-00032,https://github.com/ldominguezruben/meanderstatisticstoolbox
https://github.com/ElsevierSoftwareX/SOFTX-D-20-00095,https://github.com/CsatiZoltan/CristalX
https://github.com/ElsevierSoftwareX/SOFTX-D-20-00084,https://github.com/austenb28/CycFlowDec
https://github.com/ElsevierSoftwareX/SOFTX_2020_104,https://github.com/glideinWMS/glideinwms
https://github.com/ElsevierSoftwareX/SOFTX_2020_125,https://github.com/ligovirgo/dqsegdb
https://github.com/ElsevierSoftwareX/SOFTX-D-20-00085,https://github.com/adammertel/historical-geocoding-assistant
https://github.com/ElsevierSoftwareX/SOFTX_2020_31,https://github.com/Mauro-Glass-Group/ExplorerPy
https://github.com/ElsevierSoftwareX/SOFTX-D-20-00028,https://github.com/polsys/ennemi
https://github.com/ElsevierSoftwareX/SOFTX-D-20-00089,https://github.com/kmiikki/rpi-camera
https://github.com/ElsevierSoftwareX/SOFTX-D-20-00034,https://github.com/ShiyuTI/SepINav
https://github.com/ElsevierSoftwareX/SOFTX-D-21-00036,https://github.com/fmiretti/DynaProg
https://github.com/ElsevierSoftwareX/SOFTX_2019_192,https://github.com/fillassuncao/fast-denser3
https://github.com/ElsevierSoftwareX/SOFTX_2020_59,https://github.com/b3008/executable_HTML
https://github.com/ElsevierSoftwareX/SOFTX_2020_130,https://github.com/refresh-bio/Whisper
https://github.com/ElsevierSoftwareX/SOFTX-D-20-00103,https://github.com/ri-unipr/ress
https://github.com/ElsevierSoftwareX/SOFTX-D-21-00013,https://github.com/andrewlyden/PyLESA
https://github.com/ElsevierSoftwareX/SOFTX-D-21-00001,https://github.com/BTalamantesBecerra/omicR
https://github.com/ElsevierSoftwareX/SOFTX-D-21-00033,https://github.com/CADmaniac/IbIPP
https://github.com/ElsevierSoftwareX/SOFTX-D-21-00042,https://github.com/nasa/swSim
https://github.com/ElsevierSoftwareX/SOFTX-D-20-00090,https://github.com/USCCACS/MISTIQS
https://github.com/ElsevierSoftwareX/SOFTX-D-21-00022,https://github.com/ComputationalReflection/Cnerator
https://github.com/ElsevierSoftwareX/SOFTX-D-21-00037,https://github.com/CMalagaC/OpenMOIST
https://github.com/ElsevierSoftwareX/SOFTX_2020_221,https://github.com/SPARC-X/SPARC
https://github.com/ElsevierSoftwareX/SOFTX_2020_43,https://github.com/GridTools/gridtools
https://github.com/ElsevierSoftwareX/SOFTX_2020_230,https://github.com/ayhaidar/pspso
https://github.com/ElsevierSoftwareX/SOFTX-D-21-00024,https://github.com/kramergroup/openImpala
https://github.com/ElsevierSoftwareX/SOFTX-D-21-00016,https://github.com/djkurran/MWSegEval
https://github.com/ElsevierSoftwareX/SOFTX_2020_107,https://github.com/NREL-Sienna/PowerSystems.jl
https://github.com/ElsevierSoftwareX/SOFTX-D-20-00039,https://github.com/gagolews/genieclust
https://github.com/ElsevierSoftwareX/SOFTX-D-20-00057,https://github.com/jonadventure/Impedimetric_analysis
https://github.com/ElsevierSoftwareX/SOFTX-D-20-00094,https://github.com/AbantiS/STL_process
https://github.com/ElsevierSoftwareX/SOFTX-D-21-00053,https://github.com/CMalagaC/OpenArch
https://github.com/ElsevierSoftwareX/SOFTX-D-20-00067,https://github.com/lszeremeta/molstruct
https://github.com/ElsevierSoftwareX/SOFTX-D-21-00048,https://github.com/spectroscopy/HeNDS
https://github.com/ElsevierSoftwareX/SOFTX-D-21-00019,https://github.com/marcono/cloth
https://github.com/ElsevierSoftwareX/SOFTX-D-21-00045,https://github.com/vsangelidakis/CLUMP
https://github.com/ElsevierSoftwareX/SOFTX_2020_88,https://github.com/omelchert/pyGLLE
https://github.com/ElsevierSoftwareX/SOFTX-D-21-00086,https://github.com/shafstein/EntEstSG
https://github.com/ElsevierSoftwareX/SOFTX-D-21-00087,https://github.com/Xiul109/eeglib
https://github.com/ElsevierSoftwareX/SOFTX-D-21-00063,https://github.com/motiurce/FeView
https://github.com/ElsevierSoftwareX/SOFTX-D-20-00065,https://github.com/alessandrosebastianelli/SentinelDataDownloaderTool
https://github.com/ElsevierSoftwareX/SOFTX-D-21-00056,https://github.com/LVF784/impulseest
https://github.com/ElsevierSoftwareX/SOFTX_2019_257,https://github.com/rcenvironment/rce
https://github.com/ElsevierSoftwareX/SOFTX-D-20-00068,https://github.com/phukeo/SCRAMBLE
https://github.com/ElsevierSoftwareX/SOFTX-D-20-00022,https://github.com/pesummary/pesummary
https://github.com/ElsevierSoftwareX/SOFTX_2019_253,https://github.com/NestorRV/SOUL
https://github.com/ElsevierSoftwareX/SOFTX-D-21-00058,https://github.com/sere3s/oreo
https://github.com/ElsevierSoftwareX/SOFTX_2020_159,https://github.com/cheliotk/unity_abm_framework
https://github.com/ElsevierSoftwareX/SOFTX-D-21-00131,https://github.com/nasa/puma
https://github.com/ElsevierSoftwareX/SOFTX-D-21-00075,https://github.com/arturandre/INACITY
https://github.com/ElsevierSoftwareX/SOFTX-D-21-00071,https://github.com/nasa/PanNDE
https://github.com/ElsevierSoftwareX/SOFTX-D-21-00080,https://github.com/DarkEyes/mFLICA
https://github.com/ElsevierSoftwareX/SOFTX-D-21-00034,https://github.com/KrzyGajow/ImbTreeAUC
https://github.com/ElsevierSoftwareX/SOFTX-D-21-00077,https://github.com/USCCACS/PND
https://github.com/ElsevierSoftwareX/SOFTX-D-21-00060,https://github.com/combustionTools/flameTracker
https://github.com/ElsevierSoftwareX/SOFTX-D-21-00070,https://github.com/chathika/NL4Py
https://github.com/ElsevierSoftwareX/SOFTX-D-21-00107,https://github.com/kul-group/MAZE-sim
https://github.com/ElsevierSoftwareX/SOFTX-D-21-00104,https://github.com/QuantSK/AniLength
https://github.com/ElsevierSoftwareX/SOFTX-D-21-00099,https://github.com/sq-meng/coilcalc
https://github.com/ElsevierSoftwareX/SOFTX-D-21-00054,https://github.com/precice/fenics-adapter
https://github.com/ElsevierSoftwareX/SOFTX-D-21-00098,https://github.com/ucl-pond/pySuStaIn
https://github.com/ElsevierSoftwareX/SOFTX-D-21-00096,https://github.com/boeleman/quantimpy
https://github.com/ElsevierSoftwareX/SOFTX-D-21-00007,https://github.com/tuProlog/2p-kt
https://github.com/ElsevierSoftwareX/SOFTX-D-21-00012,https://github.com/Dad0u/GPUCorrel
https://github.com/ElsevierSoftwareX/SOFTX-D-21-00059,https://github.com/BSTU/decisionmaster
https://github.com/ElsevierSoftwareX/SOFTX-D-21-00076,https://github.com/metudust/RegionTPMS
https://github.com/ElsevierSoftwareX/SOFTX-D-21-00116,https://github.com/itsoulos/GenClass
https://github.com/ElsevierSoftwareX/SOFTX-D-21-00109,https://github.com/mattdrvo/CrackDect
https://github.com/ElsevierSoftwareX/SOFTX-D-21-00123,https://github.com/groupeLIAMG/ttcr
https://github.com/ElsevierSoftwareX/SOFTX-D-21-00140,https://github.com/danjodc/OpenMechanochem
https://github.com/ElsevierSoftwareX/SOFTX_2020_62,https://github.com/ntnuiotenergy/OpenEMPIRE
https://github.com/ElsevierSoftwareX/SOFTX-D-21-00114,https://github.com/ec-jrc/JRC-KEMS-Softwares
https://github.com/ElsevierSoftwareX/SOFTX-D-21-00126,https://github.com/FHOOEAIST/imaging
https://github.com/ElsevierSoftwareX/SOFTX-D-21-00015,https://github.com/er-beeps/covira
https://github.com/ElsevierSoftwareX/SOFTX-D-20-00105,https://github.com/JuliaEnergy/PowerDynamics.jl
https://github.com/ElsevierSoftwareX/SOFTX_2020_79,https://github.com/richard-weinhold/pomato
https://github.com/ElsevierSoftwareX/SOFTX_2020_103,https://github.com/leonardgoeke/AnyMOD.jl
https://github.com/ElsevierSoftwareX/SOFTX_2020_271,https://github.com/d-michail/jheaps
https://github.com/ElsevierSoftwareX/SOFTX_2020_222,https://github.com/Gunratan/edgar
https://github.com/ElsevierSoftwareX/SOFTX_2020_170,https://github.com/fcorra/uFTIR
https://github.com/ElsevierSoftwareX/SOFTX-D-21-00135,https://github.com/yonmi/AGAT2.0
https://github.com/ElsevierSoftwareX/SOFTX-D-21-00156,https://github.com/saadgroup/BuckinghamPy
https://github.com/ElsevierSoftwareX/SOFTX-D-21-00085,https://github.com/raghunk-iith/REMP
https://github.com/ElsevierSoftwareX/SOFTX-D-21-00120,https://github.com/LaboratoireMecaniqueLille/crappy
https://github.com/ElsevierSoftwareX/SOFTX-D-21-00130,https://github.com/StoccoDavide/acme
https://github.com/ElsevierSoftwareX/SOFTX-D-21-00079,https://github.com/Filhomn/Paper
https://github.com/ElsevierSoftwareX/SOFTX-D-20-00097,https://github.com/KrzyGajow/ImbTreeEntropy
https://github.com/ElsevierSoftwareX/SOFTX-D-21-00122,https://github.com/fraunhoferportugal/trial-monitor
https://github.com/ElsevierSoftwareX/SOFTX-D-21-00028,https://github.com/porteratzo/TreeTool
https://github.com/ElsevierSoftwareX/SOFTX-D-20-00011,https://github.com/FabioAndrePereira/PADRES
https://github.com/ElsevierSoftwareX/SOFTX-D-21-00162,https://github.com/MatZar01/KrakN
https://github.com/ElsevierSoftwareX/SOFTX-D-21-00170,https://github.com/Propulsion-Power-TU-Delft/NiceProp
https://github.com/ElsevierSoftwareX/SOFTX-D-21-00169,https://github.com/bioinformatics-ua/BIcenter
https://github.com/ElsevierSoftwareX/SOFTX_2020_136,https://github.com/ptaranti/coppeCosenzaR
https://github.com/ElsevierSoftwareX/SOFTX-D-21-00129,https://github.com/deshanadesai/acorns
https://github.com/ElsevierSoftwareX/SOFTX-D-21-00143,https://github.com/EIDOSLAB/simplify
https://github.com/ElsevierSoftwareX/SOFTX-D-21-00161,https://github.com/EvangelosSyrmos/miror
https://github.com/ElsevierSoftwareX/SOFTX-D-21-00110,https://github.com/LanceFiondella/C-SFRAT
https://github.com/ElsevierSoftwareX/SOFTX-D-20-00086,https://github.com/jaabell/ShakerMaker
https://github.com/ElsevierSoftwareX/SOFTX-D-21-00004,https://github.com/OxideGlassGroupAAU/StatMechGlass
https://github.com/ElsevierSoftwareX/SOFTX-D-21-00097,https://github.com/NREL/MATBOX_Microstructure_analysis_toolbox
https://github.com/ElsevierSoftwareX/SOFTX-D-21-00111,https://github.com/LeMGarouani/AMLBID
https://github.com/ElsevierSoftwareX/SOFTX-D-21-00125,https://github.com/gsi-upm/gsitk
https://github.com/ElsevierSoftwareX/SOFTX-D-21-00164,https://github.com/smartgridadsc/OpenPLC61850
https://github.com/ElsevierSoftwareX/SOFTX-D-21-00193,https://github.com/tk2lab/logbesselk
https://github.com/ElsevierSoftwareX/SOFTX-D-20-00081,https://github.com/amaelkady/FM-2D
https://github.com/ElsevierSoftwareX/SOFTX-D-21-00145,https://github.com/cantonfe/sitree
https://github.com/ElsevierSoftwareX/SOFTX-D-21-00003,https://github.com/piotrjurkiewicz/flow-models
https://github.com/ElsevierSoftwareX/SOFTX_2020_51,https://github.com/davidemarelli/sfm_flow
https://github.com/ElsevierSoftwareX/SOFTX-D-21-00166,https://github.com/WeCloudHub/DRT
https://github.com/ElsevierSoftwareX/SOFTX-D-21-00082,https://github.com/grid-uq/sms-builder
https://github.com/ElsevierSoftwareX/SOFTX-D-21-00208,https://github.com/krivenko/libcommute
https://github.com/ElsevierSoftwareX/SOFTX-D-21-00208_1,https://github.com/krivenko/pycommute
https://github.com/ElsevierSoftwareX/SOFTX-D-21-00177,https://github.com/parichit/DCEM
https://github.com/ElsevierSoftwareX/SOFTX-D-20-00082,https://github.com/serviceprototypinglab/mao-orchestrator
https://github.com/ElsevierSoftwareX/SOFTX-D-21-00173,https://github.com/gomezalberto/pretus
https://github.com/ElsevierSoftwareX/SOFTX-D-21-00187,https://github.com/spine-tools/Spine-Toolbox
https://github.com/ElsevierSoftwareX/SOFTX-D-21-00198,https://github.com/fangzhou-xie/rethnicity
https://github.com/ElsevierSoftwareX/SOFTX-D-21-00179,https://github.com/tmdt-buw/gideon-replay
https://github.com/ElsevierSoftwareX/SOFTX-D-21-00171,https://github.com/predict-idlab/tsflex
https://github.com/ElsevierSoftwareX/SOFTX-D-21-00061,https://github.com/owodolab/graspi
https://github.com/ElsevierSoftwareX/SOFTX-D-21-00049,https://github.com/HoerTech-gGmbH/openMHA
https://github.com/ElsevierSoftwareX/SOFTX-D-21-00133,https://github.com/CnnDepth/tx2_fcnn_node
https://github.com/ElsevierSoftwareX/SOFTX-D-21-00008,https://github.com/TheEngineRoom-UniGe/OWLOOP
https://github.com/ElsevierSoftwareX/SOFTX-D-20-00108,https://github.com/zubara/mneflow
https://github.com/ElsevierSoftwareX/SOFTX-D-21-00183,https://github.com/micheleFraccaroli/Symbolic_DNN-Tuner
https://github.com/ElsevierSoftwareX/SOFTX-D-21-00050,https://github.com/kzst/GENALG_PDM
https://github.com/ElsevierSoftwareX/SOFTX-D-20-00074,https://github.com/Ocram95/IPv6CC_SoftwareX
https://github.com/ElsevierSoftwareX/SOFTX-D-21-00178,https://github.com/papersubKS/GANG-MAM_ReleaseV1.0-
https://github.com/ElsevierSoftwareX/SOFTX-D-21-00211,https://github.com/raadyn/aztotmd
https://github.com/ElsevierSoftwareX/SOFTX-D-21-00057,https://github.com/Dru-Mara/EvalNE
https://github.com/ElsevierSoftwareX/SOFTX-D-21-00182,https://github.com/wpmed92/xreport
https://github.com/ElsevierSoftwareX/SOFTX-D-21-00138,https://github.com/eamontoyaa/pySigmaP
https://github.com/ElsevierSoftwareX/SOFTX-D-21-00167,https://github.com/damianfraszczak/rpasdt
https://github.com/ElsevierSoftwareX/SOFTX-D-21-00163,https://github.com/twbf/swe_runup
https://github.com/ElsevierSoftwareX/SOFTX-D-21-00020,https://github.com/IhmeGroup/quail
https://github.com/ElsevierSoftwareX/SOFTX-D-20-00055,https://github.com/agsoto/webgenerator
https://github.com/ElsevierSoftwareX/SOFTX-D-21-00119,https://github.com/mananth2/2PJIT
https://github.com/ElsevierSoftwareX/SOFTX-D-21-00172,https://github.com/EMS-TU-Ilmenau/fastmat
https://github.com/ElsevierSoftwareX/SOFTX-D-21-00222,https://github.com/auralius/yadpf
https://github.com/ElsevierSoftwareX/SOFTX_2020_166,https://github.com/jennyfarmer/PDFAnalyze
https://github.com/ElsevierSoftwareX/SOFTX_2020_212,https://github.com/helske/walker
https://github.com/ElsevierSoftwareX/SOFTX-D-21-00205,https://github.com/Yamanaka-Lab-TUAT/BOXVIA
https://github.com/ElsevierSoftwareX/SOFTX-D-20-00101,https://github.com/highRES-model/highRES-Europe
https://github.com/ElsevierSoftwareX/SOFTX-D-21-00124,https://github.com/ecmwf-projects/thermofeel
https://github.com/ElsevierSoftwareX/SOFTX-D-21-00175,https://github.com/DenebBoito/qtiplus
https://github.com/ElsevierSoftwareX/SOFTX-D-22-00008,https://github.com/jalajpachouly/SDPTool
https://github.com/ElsevierSoftwareX/SOFTX-D-21-00195,https://github.com/RaphaelHebert/nsdpy
https://github.com/ElsevierSoftwareX/SOFTX-D-21-00223,https://github.com/iamaya2/MatHH
https://github.com/ElsevierSoftwareX/SOFTX-D-21-00091,https://github.com/jejessika/webappspr
https://github.com/ElsevierSoftwareX/SOFTX-D-21-00132,https://github.com/CHaasSoil/Rheo_DEA
https://github.com/ElsevierSoftwareX/SOFTX-D-21-00069,https://github.com/ChristopherReinartz/pytep
https://github.com/ElsevierSoftwareX/SOFTX-D-21-00213,https://github.com/afshevyakov/RandomSpherePacking
https://github.com/ElsevierSoftwareX/SOFTX-D-21-00210,https://github.com/fraunhoferportugal/tssearch
https://github.com/ElsevierSoftwareX/SOFTX-D-22-00005,https://github.com/ama-yash/SimulatorX
https://github.com/ElsevierSoftwareX/SOFTX-D-22-00019,https://github.com/NickDrake117/GNNkeras
https://github.com/ElsevierSoftwareX/SOFTX-D-21-00035,https://github.com/ShahriyariLab/TumorDecon
https://github.com/ElsevierSoftwareX/SOFTX-D-20-00045,https://github.com/IIT-EnergySystemModels/openTEPES
https://github.com/ElsevierSoftwareX/SOFTX-D-21-00188,https://github.com/caiostringari/picoastal
https://github.com/ElsevierSoftwareX/SOFTX-D-21-00231,https://github.com/nikih94/PPWSim
https://github.com/ElsevierSoftwareX/SOFTX-D-21-00212,https://github.com/tomflint22/beamWeldFoam
https://github.com/ElsevierSoftwareX/SOFTX-D-22-00010,https://github.com/electrical-and-electronic-measurement/EasyEIS-with-SMU
https://github.com/ElsevierSoftwareX/SOFTX-D-22-00024,https://github.com/CivML-PolyMtl/OpenIPDM
https://github.com/ElsevierSoftwareX/SOFTX-D-21-00136,https://github.com/drop-project-edu/drop-project
https://github.com/ElsevierSoftwareX/SOFTX-D-21-00185,https://github.com/N5GEH/n5geh.tools.entirety_deprecated
https://github.com/ElsevierSoftwareX/SOFTX-D-22-00026,https://github.com/dr4kan/EmiR
https://github.com/ElsevierSoftwareX/SOFTX-D-22-00057,https://github.com/CraZMe/2BarG_V1
https://github.com/ElsevierSoftwareX/SOFTX-D-21-00072,https://github.com/MatheusCarini/CESSIPy
https://github.com/ElsevierSoftwareX/SOFTX-D-21-00149,https://github.com/contiki-ng/contiki-ng
https://github.com/ElsevierSoftwareX/SOFTX-D-22-00020,https://github.com/onekin/WacLine
https://github.com/ElsevierSoftwareX/SOFTX-D-22-00012,https://github.com/pralab/secml
https://github.com/ElsevierSoftwareX/SOFTX-D-21-00184,https://github.com/je-santos/MPLBM-UT
https://github.com/ElsevierSoftwareX/SOFTX-D-22-00037,https://github.com/DanielCanteroNTNU/VEqMon2D
https://github.com/ElsevierSoftwareX/SOFTX-D-21-00043,https://github.com/Mariotti94/WebRISC-V
https://github.com/ElsevierSoftwareX/SOFTX-D-22-00078,https://github.com/energyinpython/pyrepo-mcda
https://github.com/ElsevierSoftwareX/SOFTX-D-21-00242R3,https://github.com/rhombicosi/IDOL
https://github.com/ElsevierSoftwareX/SOFTX-D-22-00022,https://github.com/GorkaGarate01/Helmholtz-Series-Formulation
https://github.com/ElsevierSoftwareX/SOFTX-D-22-00060,https://github.com/tdresearchgroup/analyzeR-SonarQubePlugin
https://github.com/ElsevierSoftwareX/SOFTX-D-22-00049,https://github.com/dpanigra/irs-partition
https://github.com/ElsevierSoftwareX/SOFTX-D-21-00105,https://github.com/alinapetukhova/textcl
https://github.com/ElsevierSoftwareX/SOFTX-D-22-00027,https://github.com/Nazc/PEEK
https://github.com/ElsevierSoftwareX/SOFTX-D-22-00040,https://github.com/ispras/gocotea
https://github.com/ElsevierSoftwareX/SOFTX-D-22-00086,https://github.com/phamngockien/1DCSEMQWE
https://github.com/ElsevierSoftwareX/SOFTX-D-22-00075,https://github.com/jcadf/iCorrVision_2D
https://github.com/ElsevierSoftwareX/SOFTX-D-22-00076,https://github.com/jcadf/iCorrVision_3D
https://github.com/ElsevierSoftwareX/SOFTX-D-22-00068,https://github.com/sylwekczmil/cacp
https://github.com/ElsevierSoftwareX/SOFTX-D-21-00044,https://github.com/dharmeshsing/CoinTossX
https://github.com/ElsevierSoftwareX/SOFTX-D-22-00021,https://github.com/IEE-TUGraz/LEGO
https://github.com/ElsevierSoftwareX/SOFTX-D-21-00227,https://github.com/Synthaze/EpyNN
https://github.com/ElsevierSoftwareX/SOFTX-D-22-00072,https://github.com/KyrieBang/HiVecMap
https://github.com/ElsevierSoftwareX/SOFTX-D-22-00004,https://github.com/LamLay/TARDIS-Updated
https://github.com/ElsevierSoftwareX/SOFTX-D-22-00002,https://github.com/KrzyGajow/HOFS
https://github.com/ElsevierSoftwareX/SOFTX-D-22-00033,https://github.com/MAMeasson/raman_selection_rule_calculator
https://github.com/ElsevierSoftwareX/SOFTX-D-22-00107,https://github.com/GangMei-CUGB/juSPH
https://github.com/ElsevierSoftwareX/SOFTX-D-21-00206,https://github.com/DiamondLightSource/Savu
https://github.com/ElsevierSoftwareX/SOFTX-D-21-00218,https://github.com/SpectraSorter/SpectraSorter
https://github.com/ElsevierSoftwareX/SOFTX-D-22-00080,https://github.com/yptsang/blockchain_game_p1
https://github.com/ElsevierSoftwareX/SOFTX-D-22-00062,https://github.com/damianfraszczak/nefbdaa
https://github.com/ElsevierSoftwareX/SOFTX-D-22-00090,https://github.com/energyinpython/crispyn
https://github.com/ElsevierSoftwareX/SOFTX-D-22-00102,https://github.com/Flash-X/Workflows
https://github.com/ElsevierSoftwareX/SOFTX-D-22-00059,https://github.com/diegocandiar/eeg_cluster_wilcoxon
https://github.com/ElsevierSoftwareX/SOFTX-D-21-00157,https://github.com/YakshHaranwala/PTRAIL
https://github.com/ElsevierSoftwareX/SOFTX-D-22-00152,https://github.com/GRAP-UdL-AT/SOFTX_SOFTX-D-22-00152
https://github.com/ElsevierSoftwareX/SOFTX-D-22-00221,https://github.com/DanielCanteroNTNU/TTB-2D
https://github.com/ElsevierSoftwareX/SOFTX-D-22-00073,https://github.com/mike2016/HVUS
https://github.com/ElsevierSoftwareX/SOFTX-D-22-00130,https://github.com/rzippo/nancy
https://github.com/ElsevierSoftwareX/SOFTX-D-22-00083,https://github.com/robotics-4-all/commlib-py
https://github.com/ElsevierSoftwareX/SOFTX-D-22-00028,https://github.com/dkimstatlab/Decomp2d
https://github.com/ElsevierSoftwareX/SOFTX-D-21-00100,https://github.com/kulbhushanchand/BioNES
https://github.com/ElsevierSoftwareX/SOFTX-D-22-00088,https://github.com/simcesplatform/simces-standalone
https://github.com/ElsevierSoftwareX/SOFTX-D-22-00044,https://github.com/ashokverma24/atdf2ascii
https://github.com/ElsevierSoftwareX/SOFTX-D-22-00032,https://github.com/PhilippeMaincon/EspyInsideFunction.jl
https://github.com/ElsevierSoftwareX/SOFTX-D-22-00106,https://github.com/CONMAD-CIDESIMX/MaSMaker
https://github.com/ElsevierSoftwareX/SOFTX-D-22-00070,https://github.com/FranckLab/SerialTrack
https://github.com/ElsevierSoftwareX/SOFTX-D-22-00089,https://github.com/hdbxx/IGAOD
https://github.com/ElsevierSoftwareX/SOFTX-D-22-00050,https://github.com/NLeSC/litstudy
https://github.com/ElsevierSoftwareX/SOFTX-D-22-00038,https://github.com/kthorp/pyfao56
https://github.com/ElsevierSoftwareX/SOFTX-D-22-00098,https://github.com/adaa-polsl/RuleXAI
https://github.com/ElsevierSoftwareX/SOFTX-D-22-00094,https://github.com/wistaria/MateriAppsInstaller
https://github.com/ElsevierSoftwareX/SOFTX-D-22-00121,https://github.com/ComputationalReflection/StaDyn
https://github.com/ElsevierSoftwareX/SOFTX-D-22-00105,https://github.com/exapde/Exasim
https://github.com/ElsevierSoftwareX/SOFTX-D-22-00111,https://github.com/Tao9/AFDeter
https://github.com/ElsevierSoftwareX/SOFTX-D-21-00062,https://github.com/Water-End-Use-Dataset-Tools/WEUSEDTO
https://github.com/ElsevierSoftwareX/SOFTX-D-21-00144,https://github.com/mailemccann/coastalimagelib
https://github.com/ElsevierSoftwareX/SOFTX-D-22-00147,https://github.com/dagghe/PyOMA
https://github.com/ElsevierSoftwareX/SOFTX_2020_108,https://github.com/powertac/powertac-server
https://github.com/ElsevierSoftwareX/SOFTX-D-22-00029,https://github.com/joshuaellul/tinkercad-net-connector
https://github.com/ElsevierSoftwareX/SOFTX-D-20-00062,https://github.com/borzacchiello/seninja
https://github.com/ElsevierSoftwareX/SOFTX-D-22-00131,https://github.com/KatforEpu/Augmecon-Py
https://github.com/ElsevierSoftwareX/SOFTX-D-22-00188,https://github.com/AbbasNabhani/TreeSim
https://github.com/ElsevierSoftwareX/SOFTX-D-22-00158,https://github.com/refnx/refellips
https://github.com/ElsevierSoftwareX/SOFTX-D-22-00144,https://github.com/abendarag/-ElsevierSoftwareX-
https://github.com/ElsevierSoftwareX/SOFTX-D-22-00034,https://github.com/MKLab-ITI/pygrank
https://github.com/ElsevierSoftwareX/SOFTX-D-22-00100,https://github.com/tramo-ephyslab/TROVA-master
https://github.com/ElsevierSoftwareX/SOFTX-D-22-00084,https://github.com/czwchenzhun/tfinterpy
https://github.com/ElsevierSoftwareX/SOFTX-D-22-00165,https://github.com/omelchert/GNLStools
https://github.com/ElsevierSoftwareX/SOFTX-D-22-00176,https://github.com/AnaWaldila/dynablast
https://github.com/ElsevierSoftwareX/SOFTX-D-22-00168,https://github.com/rhizomik/rhizomerEye
https://github.com/ElsevierSoftwareX/SOFTX-D-22-00110,https://github.com/WimPouw/TowardsMultimodalOpenScience
https://github.com/ElsevierSoftwareX/SOFTX-D-22-00116,https://github.com/histolab/histolab
https://github.com/ElsevierSoftwareX/SOFTX-D-21-00084,https://github.com/TAFFO-org/TAFFO
https://github.com/ElsevierSoftwareX/SOFTX-D-22-00058,https://github.com/NMSU-ISA/ISA
https://github.com/ElsevierSoftwareX/SOFTX-D-21-00216,https://github.com/jcpachon10/SICRepository
https://github.com/ElsevierSoftwareX/SOFTX-D-22-00153,https://github.com/sibo/xtbdft
https://github.com/ElsevierSoftwareX/SOFTX-D-22-00023,https://github.com/Kairzhan/spectral
https://github.com/ElsevierSoftwareX/SOFTX_2020_81,https://github.com/sshpa/bayesvl
https://github.com/ElsevierSoftwareX/SOFTX-D-21-00186,https://github.com/LamaTe/mlr3shiny
https://github.com/ElsevierSoftwareX/SOFTX-D-22-00126,https://github.com/PreparedMindsLab/MotionPerfection
https://github.com/ElsevierSoftwareX/SOFTX-D-22-00177,https://github.com/scafi/scafi
https://github.com/ElsevierSoftwareX/SOFTX-D-22-00203,https://github.com/jieunbyun/resmapper
https://github.com/ElsevierSoftwareX/SOFTX-D-22-00149,https://github.com/HSU-HPC/MaMiCo
https://github.com/ElsevierSoftwareX/SOFTX-D-21-00074,https://github.com/s-t-lab/ChargEval
https://github.com/ElsevierSoftwareX/SOFTX-D-21-00215,https://github.com/studiawan/dronetimeline
https://github.com/ElsevierSoftwareX/SOFTX-D-22-00146,https://github.com/niravl/pyGNMF
https://github.com/ElsevierSoftwareX/SOFTX-D-22-00179,https://github.com/ALSETLab/ModelicaGridData
https://github.com/ElsevierSoftwareX/SOFTX-D-22-00137,https://github.com/MarceloMarucho/CACPPAF
https://github.com/ElsevierSoftwareX/SOFTX-D-22-00169,https://github.com/DEAL-US/Silence
https://github.com/ElsevierSoftwareX/SOFTX-D-22-00129,https://github.com/htemiz/DeepSR
https://github.com/ElsevierSoftwareX/SOFTX_2020_97,https://github.com/millingermarkus/BENOPT2.1
https://github.com/ElsevierSoftwareX/SOFTX-D-22-00166,https://github.com/adriancorrendo/soiltestcorr
https://github.com/ElsevierSoftwareX/SOFTX-D-22-00224,https://github.com/mmc-siani-es/MultiFEBE
https://github.com/ElsevierSoftwareX/SOFTX-D-22-00160,https://github.com/SpM-lab/sparse-ir
https://github.com/ElsevierSoftwareX/SOFTX-D-22-00257,https://github.com/AgrDataSci/ag5Tools
https://github.com/ElsevierSoftwareX/SOFTX-D-22-00187,https://github.com/christianpeco/I-STL2MOOSE
https://github.com/ElsevierSoftwareX/SOFTX-D-22-00305,https://github.com/jwieckowski/pyfdm
https://github.com/ElsevierSoftwareX/SOFTX-D-22-00288,https://github.com/gagolews/clustering-benchmarks
https://github.com/ElsevierSoftwareX/SOFTX-D-22-00180,https://github.com/matieber/livedewstream
https://github.com/ElsevierSoftwareX/SOFTX-D-22-00307,https://github.com/Pranab-JD/LeXInt
https://github.com/ElsevierSoftwareX/SOFTX-D-22-00306,https://github.com/AbramsGroup/HTPolyNet
https://github.com/ElsevierSoftwareX/SOFTX-D-22-00296,https://github.com/micmog/LaserbeamFoam
https://github.com/ElsevierSoftwareX/SOFTX-D-22-00286,https://github.com/uber/causalml
https://github.com/ElsevierSoftwareX/SOFTX-D-22-00282,https://github.com/mtkurbucz/hdData360r
https://github.com/ElsevierSoftwareX/SOFTX-D-22-00281,https://github.com/Junjun1guo/OpenSeesPyView
https://github.com/ElsevierSoftwareX/SOFTX-D-22-00279,https://github.com/nithingoona/DssPyLib
https://github.com/ElsevierSoftwareX/SOFTX-D-22-00253,https://github.com/HNTong/MSCPDPLab
https://github.com/ElsevierSoftwareX/SOFTX-D-22-00245,https://github.com/MarieRoald/matcouply
https://github.com/ElsevierSoftwareX/SOFTX-D-22-00231,https://github.com/SvenSerneels/direpack
https://github.com/ElsevierSoftwareX/SOFTX-D-22-00216,https://github.com/IdahoLabResearch/HyPAT
https://github.com/ElsevierSoftwareX/SOFTX-D-22-00207,https://github.com/kreutz-lab/Rcall
https://github.com/ElsevierSoftwareX/SOFTX-D-22-00202,https://github.com/GWmodel-Lab/GWmodelS
https://github.com/ElsevierSoftwareX/SOFTX-D-22-00201,https://github.com/shajijamal/MesoGen-1.04
https://github.com/ElsevierSoftwareX/SOFTX-D-22-00200,https://github.com/phuongpho/reg-sgc
https://github.com/ElsevierSoftwareX/SOFTX-D-22-00197,https://github.com/kontopoulos/TraClets
https://github.com/ElsevierSoftwareX/SOFTX-D-22-00181,https://github.com/ParaFEM/ParaGEMS
https://github.com/ElsevierSoftwareX/SOFTX-D-22-00159,https://github.com/liuyang-y2003/rwl_read
https://github.com/ElsevierSoftwareX/SOFTX-D-22-00139,https://github.com/reticula-network/reticula
https://github.com/ElsevierSoftwareX/SOFTX-D-22-00104,https://github.com/mniskanen/composti
https://github.com/ElsevierSoftwareX/SOFTX-D-21-00237,https://github.com/SeismoVLAB/SVL
https://github.com/ElsevierSoftwareX/SOFTX-D-21-00202,https://github.com/mike-mendoza/py_banshee
https://github.com/ElsevierSoftwareX/SOFTX-D-22-00103,https://github.com/amirlc93/Hyperomet
https://github.com/ElsevierSoftwareX/SOFTX-D-22-00336,https://github.com/isee4xai/ExplanationExperienceEditor
https://github.com/ElsevierSoftwareX/SOFTX-D-22-00325,https://github.com/ohishim/trec
https://github.com/ElsevierSoftwareX/SOFTX-D-22-00275,https://github.com/IEE-TUGraz/GridTool
https://github.com/ElsevierSoftwareX/SOFTX-D-22-00270,https://github.com/narnoldm/PLATFORM
https://github.com/ElsevierSoftwareX/SOFTX-D-22-00242,https://github.com/HQuser/AMED
https://github.com/ElsevierSoftwareX/SOFTX-D-22-00162,https://github.com/nikomitt/CRISSPAC
https://github.com/ElsevierSoftwareX/SOFTX-D-22-00389,https://github.com/PeriHub/Peridigm
https://github.com/ElsevierSoftwareX/SOFTX-D-22-00252,https://github.com/PilotLeaf/PyVT
https://github.com/ElsevierSoftwareX/SOFTX-D-22-00312,https://github.com/windawijayasari/Malaccha
https://github.com/ElsevierSoftwareX/SOFTX-D-22-00344,https://github.com/ocacho/WaspSim
https://github.com/ElsevierSoftwareX/SOFTX-D-22-00366,https://github.com/lakritidis/FLAGR
https://github.com/ElsevierSoftwareX/SOFTX-D-22-00355,https://github.com/hoh331/sdpl-soongsil
https://github.com/ElsevierSoftwareX/SOFTX-D-22-00294,https://github.com/Unipisa/Simu5G
https://github.com/ElsevierSoftwareX/SOFTX-D-23-00060,https://github.com/kthorp/pyfao56
https://github.com/ElsevierSoftwareX/SOFTX-D-22-00380,https://github.com/dowlinah/tdf
https://github.com/ElsevierSoftwareX/SOFTX-D-22-00364,https://github.com/Arris-Composites/ODB2VTK
https://github.com/ElsevierSoftwareX/SOFTX-D-22-00173,https://github.com/smpi-islab-uniwa/Smyrida
https://github.com/ElsevierSoftwareX/SOFTX-D-22-00356,https://github.com/vnmabus/dcor
https://github.com/ElsevierSoftwareX/SOFTX-D-22-00301,https://github.com/viskillz/viskillz-blender
https://github.com/ElsevierSoftwareX/SOFTX-D-22-00285,https://github.com/AristotleUniversity/sourceographer
https://github.com/ElsevierSoftwareX/SOFTX-D-23-00045,https://github.com/jwieckowski/pyifdm
https://github.com/ElsevierSoftwareX/SOFTX-D-22-00411,https://github.com/corlic29/LaserBeamShapingApp
https://github.com/ElsevierSoftwareX/SOFTX-D-22-00367,https://github.com/zenodhaene/HyperspectralClassification
https://github.com/ElsevierSoftwareX/SOFTX-D-22-00339,https://github.com/pctBayArea/stplanpy
https://github.com/ElsevierSoftwareX/SOFTX-D-22-00241,https://github.com/ucl-bug/jwave
https://github.com/ElsevierSoftwareX/SOFTX-D-22-00066,https://github.com/yptsang/ck-FARM
https://github.com/ElsevierSoftwareX/SOFTX-D-22-00422,https://github.com/IBM/ai-privacy-toolkit
https://github.com/ElsevierSoftwareX/SOFTX-D-22-00398,https://github.com/ferper/nesimRT
https://github.com/ElsevierSoftwareX/SOFTX-D-22-00392,https://github.com/LaboratoireMecaniqueLille/crappy
https://github.com/ElsevierSoftwareX/SOFTX-D-22-00390,https://github.com/rubenperezm/ChatbotSQL
https://github.com/ElsevierSoftwareX/SOFTX-D-22-00318,https://github.com/breidt-USDA/BufferCapacity3_matlab
https://github.com/ElsevierSoftwareX/SOFTX-D-22-00267,https://github.com/el-meyer/airship
https://github.com/ElsevierSoftwareX/SOFTX-D-22-00096,https://github.com/Imani-Saba/TRidership
https://github.com/ElsevierSoftwareX/SOFTX-D-22-00007,https://github.com/idaholab/moose
https://github.com/ElsevierSoftwareX/SOFTX-D-22-00376,https://github.com/Fare9/KUNAI-static-analyzer
https://github.com/ElsevierSoftwareX/SOFTX-D-22-00357,https://github.com/It4innovations/rsdtlib
https://github.com/ElsevierSoftwareX/SOFTX-D-23-00066,https://github.com/WEgeophysics/watex
https://github.com/ElsevierSoftwareX/SOFTX-D-23-00057,https://github.com/cortado-tool/cortado
https://github.com/ElsevierSoftwareX/SOFTX-D-23-00025,https://github.com/BYUignite/sootlib
https://github.com/ElsevierSoftwareX/SOFTX-D-23-00016,https://github.com/GitVirTer/MartMi-BCI
https://github.com/ElsevierSoftwareX/SOFTX-D-23-00010,https://github.com/gbidegain/MarineEpi
https://github.com/ElsevierSoftwareX/SOFTX-D-22-00414,https://github.com/AU-BCE-EE/STM
https://github.com/ElsevierSoftwareX/SOFTX-D-22-00412,https://github.com/RINEXAV/Rinexav-py-modules
https://github.com/ElsevierSoftwareX/SOFTX-D-22-00386,https://github.com/DIGNEA/dignea
https://github.com/ElsevierSoftwareX/SOFTX-D-22-00385,https://github.com/enino84/AMLCS
https://github.com/ElsevierSoftwareX/SOFTX-D-22-00206,https://github.com/carlosholivan/musicaiz
https://github.com/ElsevierSoftwareX/SOFTX-D-22-00164,https://github.com/vielca/CPR
https://github.com/ElsevierSoftwareX/SOFTX-D-21-00238,https://github.com/cursorinsight/biometricblender
https://github.com/ElsevierSoftwareX/SOFTX-D-21-00241,https://github.com/adanjoga/cvik-toolbox
https://github.com/ElsevierSoftwareX/SOFTX-D-21-00150,https://github.com/github-js/BayesESS
https://github.com/ElsevierSoftwareX/SOFTX-D-22-00195,https://github.com/czmilanna/gpr-algorithm
https://github.com/ElsevierSoftwareX/SOFTX-D-22-00349,https://github.com/DiasporeUnizar/TEG
https://github.com/ElsevierSoftwareX/SOFTX-D-22-00246,https://github.com/oscarescuderoarnanz/dtwParallel
https://github.com/ElsevierSoftwareX/SOFTX-D-22-00263,https://github.com/kotbaton/pymcdm
https://github.com/ElsevierSoftwareX/SOFTX-D-22-00077,https://github.com/Shaaban777/Viability-of-the-Social-Ecological-Agroecosystem-ViSA-1.0.0
https://github.com/ElsevierSoftwareX/SOFTX-D-22-00403,https://github.com/imfd-stroemungsmechanik/cfd-ense
https://github.com/ElsevierSoftwareX/SOFTX-D-22-00134,https://github.com/fracap23/baseveg_softwareX
https://github.com/ElsevierSoftwareX/SOFTX-D-23-00071,https://github.com/YB-LIM/RufGen
https://github.com/ElsevierSoftwareX/SOFTX-D-22-00189,https://github.com/EC-KitY/EC-KitY
https://github.com/ElsevierSoftwareX/SOFTX-D-22-00025,https://github.com/TZW-056/Single-bacterium-tracking
https://github.com/ElsevierSoftwareX/SOFTX-D-22-00444,https://github.com/tmdt-buw/schlably
https://github.com/ElsevierSoftwareX/SOFTX-D-22-00331,https://github.com/HiPerCoRe/KTT
https://github.com/ElsevierSoftwareX/SOFTX-D-22-00457,https://github.com/rdrgcastilla/MuniApp
https://github.com/ElsevierSoftwareX/SOFTX-D-22-00399,https://github.com/AmirMardan/PyFWI
https://github.com/ElsevierSoftwareX/SOFTX-D-23-00029,https://github.com/ZSIP/CCMORPH
https://github.com/ElsevierSoftwareX/SOFTX-D-22-00419,https://github.com/Rezonansce/backdoorponyv2
https://github.com/ElsevierSoftwareX/SOFTX-D-23-00031,https://github.com/btschwertfeger/BiasAdjustCXX
https://github.com/ElsevierSoftwareX/SOFTX-D-23-00122,https://github.com/jcabrero/HEFactory
https://github.com/ElsevierSoftwareX/SOFTX-D-23-00109,https://github.com/GLISA-umich/PPGISr
https://github.com/ElsevierSoftwareX/SOFTX-D-23-00037,https://github.com/maxspe-dtu/aquada-gui
https://github.com/ElsevierSoftwareX/SOFTX-D-21-00064,https://github.com/FlorianGallois/NEOLAB
https://github.com/ElsevierSoftwareX/SOFTX-D-23-00005,https://github.com/iotauth/iotauth
https://github.com/ElsevierSoftwareX/SOFTX-D-23-00032,https://github.com/oeg-upm/TINTO
https://github.com/ElsevierSoftwareX/SOFTX-D-22-00358,https://github.com/surbhiraj786/GUI_Fake-Detection
https://github.com/ElsevierSoftwareX/SOFTX-D-23-00150,https://github.com/dodona-edu/universal-judge
https://github.com/ElsevierSoftwareX/SOFTX-D-22-00446,https://github.com/Robertales/QuantuMoonLight
https://github.com/ElsevierSoftwareX/SOFTX-D-22-00432,https://github.com/AngyDev/custom-3D
https://github.com/ElsevierSoftwareX/SOFTX-D-22-00199,https://github.com/AgrDataSci/gosset
https://github.com/ElsevierSoftwareX/SOFTX-D-22-00394,https://github.com/AndresManuelCH/FS-Studio
https://github.com/ElsevierSoftwareX/SOFTX-D-22-00212,https://github.com/TateXu/pytes
https://github.com/ElsevierSoftwareX/SOFTX-D-22-00426,https://github.com/tasikainen/undulate
https://github.com/ElsevierSoftwareX/SOFTX-D-22-00185,https://github.com/jdloaizad/TremorSoft
https://github.com/ElsevierSoftwareX/SOFTX-D-23-00044,https://github.com/ArticifialIntelligenceAndRendering/RehabImmersive
https://github.com/ElsevierSoftwareX/SOFTX-D-22-00283,https://github.com/pnwkw/field_view
https://github.com/ElsevierSoftwareX/SOFTX-D-23-00180,https://github.com/microscopy-processing/FlowDenoising
https://github.com/ElsevierSoftwareX/SOFTX-D-23-00151,https://github.com/rampvisdevelopment/rampvis
https://github.com/ElsevierSoftwareX/SOFTX-D-23-00147,https://github.com/samumantha/EODIE
https://github.com/ElsevierSoftwareX/SOFTX-D-23-00142,https://github.com/aaaimx/IREX
https://github.com/ElsevierSoftwareX/SOFTX-D-23-00135,https://github.com/fromano88/MaranStable
https://github.com/ElsevierSoftwareX/SOFTX-D-23-00120,https://github.com/jpjust/cityzones-v1.0
https://github.com/ElsevierSoftwareX/SOFTX-D-23-00051,https://github.com/JannekGundlach/PROVER-M
https://github.com/ElsevierSoftwareX/SOFTX-D-23-00036,https://github.com/CoFly-Project/cofly-gui
https://github.com/ElsevierSoftwareX/SOFTX-D-23-00012,https://github.com/smartgridadsc/RGOOSE_RSV
https://github.com/ElsevierSoftwareX/SOFTX-D-22-00381,https://github.com/argrecsys/argael
https://github.com/ElsevierSoftwareX/SOFTX-D-21-00113,https://github.com/ruiwu1990/jessie_fire_simulation
https://github.com/ElsevierSoftwareX/SOFTX-D-21-00102,https://github.com/mitochevole/isobenefit-cities
https://github.com/ElsevierSoftwareX/SOFTX-D-23-00146,https://github.com/ahcen23/x-DTT
https://github.com/ElsevierSoftwareX/SOFTX-D-23-00063,https://github.com/flochkristof/motiontracker
https://github.com/ElsevierSoftwareX/SOFTX-D-23-00141,https://github.com/MattanTseng/XRAE
https://github.com/ElsevierSoftwareX/SOFTX-D-23-00129,https://github.com/gls21/Dynameta
https://github.com/ElsevierSoftwareX/SOFTX-D-23-00126,https://github.com/IdahoLabResearch/HyPAT
https://github.com/ElsevierSoftwareX/SOFTX-D-23-00124,https://github.com/henrikau/net_chan
https://github.com/ElsevierSoftwareX/SOFTX-D-23-00052,https://github.com/sqym/ALPHA-MODEL-SoftwareX
https://github.com/ElsevierSoftwareX/SOFTX-D-23-00042,https://github.com/CRACK-MCR/MaCySTe
https://github.com/ElsevierSoftwareX/SOFTX-D-22-00360,https://github.com/UTS-CASLab/hyperbox-brain
https://github.com/ElsevierSoftwareX/SOFTX-D-22-00347,https://github.com/Eddidoune/Pycaso
https://github.com/ElsevierSoftwareX/SOFTX-D-22-00259,https://github.com/giuvane/gc-money-api
https://github.com/ElsevierSoftwareX/SOFTX-D-22-00308,https://github.com/Dr-Nathan-Fox/vGameReviews
https://github.com/ElsevierSoftwareX/SOFTX-D-22-00320,https://github.com/Project-MONAI/research-contributions
https://github.com/ElsevierSoftwareX/SOFTX-D-21-00220,https://github.com/FabienSalmon/pyMeshFOAM
https://github.com/ElsevierSoftwareX/SOFTX-D-23-00297,https://github.com/alexplatasl/dplbnDE
https://github.com/ElsevierSoftwareX/SOFTX-D-23-00169,https://github.com/cloudmedialab-uv/vqmtk
https://github.com/ElsevierSoftwareX/SOFTX-D-23-00253,https://github.com/AchilleasF/AQUINAS-FE
https://github.com/ElsevierSoftwareX/SOFTX-D-23-00223,https://github.com/jandom-devel/JGMP
https://github.com/ElsevierSoftwareX/SOFTX-D-23-00197,https://github.com/vsanzp/MSGLib
https://github.com/ElsevierSoftwareX/SOFTX-D-23-00182,https://github.com/mlkyh/IssyOsborne
https://github.com/ElsevierSoftwareX/SOFTX-D-23-00155,https://github.com/pavlakrotka/NCC
https://github.com/ElsevierSoftwareX/SOFTX_2020_251,https://github.com/kdrachal/dynmix
https://github.com/ElsevierSoftwareX/SOFTX-D-23-00371,https://github.com/kamilazdybal/PCAfold
https://github.com/ElsevierSoftwareX/SOFTX-D-23-00305,https://github.com/dantrica/cement-based-composites
https://github.com/ElsevierSoftwareX/SOFTX-D-23-00288,https://github.com/gymprecice/gymprecice
https://github.com/ElsevierSoftwareX/SOFTX-D-23-00168,https://github.com/FrankPortGitHub72/DynABlock
https://github.com/ElsevierSoftwareX/SOFTX-D-23-00167,https://github.com/talos-security/SEBASTiAn
https://github.com/ElsevierSoftwareX/SOFTX-D-23-00152,https://github.com/AgungDanuWijaya/netDFT
https://github.com/ElsevierSoftwareX/SOFTX-D-23-00149,https://github.com/otsun-uib/OTSunWebApp
https://github.com/ElsevierSoftwareX/SOFTX-D-23-00123,https://github.com/MRPT/mvsim
https://github.com/ElsevierSoftwareX/SOFTX-D-22-00407,https://github.com/MPR-UKD/shortCardiac
https://github.com/ElsevierSoftwareX/SOFTX-D-23-00030,https://github.com/chesstor/Q-Facies
https://github.com/ElsevierSoftwareX/SOFTX-D-22-00445,https://github.com/garcialopez/JMetaBFOP
https://github.com/ElsevierSoftwareX/SOFTX-D-22-00117,https://github.com/LeMGarouani/AMLBID
https://github.com/ElsevierSoftwareX/SOFTX-D-23-00304,https://github.com/MohsenYN/AllInOne
https://github.com/ElsevierSoftwareX/SOFTX-D-23-00266,https://github.com/alb1183/Sim-PowerCS
https://github.com/ElsevierSoftwareX/SOFTX-D-23-00157,https://github.com/yumaitou/slitflow
https://github.com/ElsevierSoftwareX/SOFTX-D-23-00243,https://github.com/ILLGrenoble/taspaths
https://github.com/ElsevierSoftwareX/SOFTX-D-22-00255,https://github.com/WangQianlian/TransRNM
https://github.com/ElsevierSoftwareX/SOFTX-D-23-00131,https://github.com/ESOGU-SRLAB/Tailored-Mutation-based-Software-Fault-Injection-Tool-IM-FIT
https://github.com/ElsevierSoftwareX/SOFTX-D-21-00031,https://github.com/jdvelasq/techminer
https://github.com/ElsevierSoftwareX/SOFTX-D-22-00204,https://github.com/anitoanto/alus-package
https://github.com/ElsevierSoftwareX/SOFTX-D-23-00227,https://github.com/betanddontcare/PocketFinderGNN
https://github.com/ElsevierSoftwareX/SOFTX-D-22-00351,https://github.com/MKLab-ITI/JGNN
https://github.com/ElsevierSoftwareX/SOFTX-D-23-00136,https://github.com/souzaalmeidaluana/E-ARCP
https://github.com/ElsevierSoftwareX/SOFTX-D-22-00354,https://github.com/TBdevellopper/PrognosEase
https://github.com/ElsevierSoftwareX/SOFTX-D-21-00134,https://github.com/phboett/emipy
https://github.com/ElsevierSoftwareX/SOFTX-D-23-00346,https://github.com/buctlab/GWGPM
https://github.com/ElsevierSoftwareX/SOFTX-D-22-00157,https://github.com/goldford/FIPEX-with-the-DCI-10.4
https://github.com/ElsevierSoftwareX/SOFTX-D-23-00311,https://github.com/kplabs-pl/OXI
https://github.com/ElsevierSoftwareX/SOFTX-D-23-00255,https://github.com/BaratiLab/ManufacturingNet
https://github.com/ElsevierSoftwareX/SOFTX-D-23-00218,https://github.com/IdahoLabResearch/CDB_Analysis_Program
https://github.com/ElsevierSoftwareX/SOFTX-D-23-00195,https://github.com/DEAL-US/AYNEXT
https://github.com/ElsevierSoftwareX/SOFTX-D-23-00187,https://github.com/JaewookByun/epcis
https://github.com/ElsevierSoftwareX/SOFTX-D-23-00104,https://github.com/t-weber/takin2
https://github.com/ElsevierSoftwareX/SOFTX-D-22-00304,https://github.com/digitraceslab/niimpy
https://github.com/ElsevierSoftwareX/SOFTX-D-22-00141,https://github.com/zjruff/Shiny_PNW-Cnet
https://github.com/ElsevierSoftwareX/SOFTX-D-22-00443,https://github.com/copatrec/copatrec
https://github.com/ElsevierSoftwareX/SOFTX-D-23-00263,https://github.com/Igorles/TIQA_PSI
https://github.com/ElsevierSoftwareX/SOFTX-D-23-00128,https://github.com/lucadn/xkl
https://github.com/ElsevierSoftwareX/SOFTX-D-22-00265,https://github.com/KinoThe-Kafkaesque/Brain-cancer
https://github.com/ElsevierSoftwareX/SOFTX-D-23-00244,https://github.com/d-montgomery/clotFoam
https://github.com/ElsevierSoftwareX/SOFTX-D-23-00242,https://github.com/thuptimd/McDAPS
https://github.com/ElsevierSoftwareX/SOFTX-D-23-00240,https://github.com/LESBAT-HEIG-VD/EcoDynElec
https://github.com/ElsevierSoftwareX/SOFTX-D-23-00239,https://github.com/goyoambrosio/RobotAtHome2
https://github.com/ElsevierSoftwareX/SOFTX-D-23-00237,https://github.com/stbalduin/pyrate-analyse
https://github.com/ElsevierSoftwareX/SOFTX-D-23-00134,https://github.com/evandronk/DRMSimulator
https://github.com/ElsevierSoftwareX/SOFTX-D-22-00435,https://github.com/idaholab/moose
https://github.com/ElsevierSoftwareX/SOFTX-D-23-00086,https://github.com/dgacitua/leticia
https://github.com/ElsevierSoftwareX/SOFTX-D-23-00004,https://github.com/rdius/Snetoolkit
https://github.com/ElsevierSoftwareX/SOFTX-D-21-00190,https://github.com/sogno-platform/proloaf
https://github.com/ElsevierSoftwareX/SOFTX-D-23-00112,https://github.com/brehmsi/PyRamanGUI
https://github.com/ElsevierSoftwareX/SOFTX-D-23-00447,https://github.com/piotrjurkiewicz/flow-models
https://github.com/ElsevierSoftwareX/SOFTX-D-23-00319,https://github.com/aeccitm/AnImage.io
https://github.com/ElsevierSoftwareX/SOFTX-D-23-00413,https://github.com/AffecTube/AffecTube
https://github.com/ElsevierSoftwareX/SOFTX-D-23-00391,https://github.com/Unipisa/OpenFL-XAI
https://github.com/ElsevierSoftwareX/SOFTX-D-23-00352,https://github.com/JorgeSan88/Image_Set_Preparation
https://github.com/ElsevierSoftwareX/SOFTX-D-23-00301,https://github.com/OpenCENIA/CoTranslate
https://github.com/ElsevierSoftwareX/SOFTX-D-23-00217,https://github.com/EnMAP-Box/enmap-box
https://github.com/ElsevierSoftwareX/SOFTX-D-23-00170,https://github.com/ziya44/take_off_drone
https://github.com/ElsevierSoftwareX/SOFTX-D-23-00076,https://github.com/dreamwayjgs/main-content-extraction-assessment-framework
https://github.com/ElsevierSoftwareX/SOFTX-D-23-00056,https://github.com/salihozkara/MetricHunter
https://github.com/ElsevierSoftwareX/SOFTX-D-23-00046,https://github.com/egbdfX/gpuSVT
https://github.com/ElsevierSoftwareX/SOFTX-D-22-00425,https://github.com/banbar/SpaceTimeCube
https://github.com/ElsevierSoftwareX/SOFTX-D-21-00055,https://github.com/specs-feup/kadabra-softwarex
https://github.com/ElsevierSoftwareX/SOFTX-D-23-00415,https://github.com/mohivanazis/2D-xtDCR-LTBEM
https://github.com/ElsevierSoftwareX/SOFTX-D-23-00435,https://github.com/ESRU-Strathclyde/GOMap
https://github.com/ElsevierSoftwareX/SOFTX-D-22-00415,https://github.com/mhmtbk/Web-NDefA_v1.1
https://github.com/ElsevierSoftwareX/SOFTX-D-23-00567,https://github.com/kotbaton/pymcdm
https://github.com/ElsevierSoftwareX/SOFTX-D-23-00583,https://github.com/kthorp/pyfao56
https://github.com/ElsevierSoftwareX/SOFTX-D-23-00369,https://github.com/knowledge-technologies/clus
https://github.com/ElsevierSoftwareX/SOFTX-D-23-00360,https://github.com/JRC-COMBINE/DEA
https://github.com/ElsevierSoftwareX/SOFTX-D-23-00343,https://github.com/sharpae/BioIntertidal-Mapper_GUI_NDVI_S2
https://github.com/ElsevierSoftwareX/SOFTX-D-23-00336,https://github.com/diliadis/DeepMTP
https://github.com/ElsevierSoftwareX/SOFTX-D-23-00293,https://github.com/aeccitm/OptiGUIDataCollector
https://github.com/ElsevierSoftwareX/SOFTX-D-23-00198,https://github.com/EUPEARL/simple
https://github.com/ElsevierSoftwareX/SOFTX-D-23-00087,https://github.com/Polkas/cat2cat
https://github.com/ElsevierSoftwareX/SOFTX-D-22-00453,https://github.com/hacihabiboglu/sphstat
https://github.com/ElsevierSoftwareX/SOFTX-D-22-00043,https://github.com/pni-lab/ALIIAS
https://github.com/ElsevierSoftwareX/SOFTX-D-22-00449,https://github.com/ThemisKoutsellis/InCognitive
https://github.com/ElsevierSoftwareX/SOFTX-D-22-00052,https://github.com/plarunkumar-personal/iot-speed-control-semi-autonomus-vehicle
https://github.com/ElsevierSoftwareX/SOFTX-D-23-00085,https://github.com/RendersJens/ImWIP
https://github.com/ElsevierSoftwareX/SOFTX-D-23-00483,https://github.com/JeanElsner/panda-py
https://github.com/ElsevierSoftwareX/SOFTX-D-23-00469,https://github.com/alejandrofdez-us/similarity-ts
https://github.com/ElsevierSoftwareX/SOFTX-D-23-00424,https://github.com/eol017/CNV-Z
https://github.com/ElsevierSoftwareX/SOFTX-D-23-00353,https://github.com/saadism777/Dental-Loop-Real-time-Facial-Landmark-Tracking-for-Clinical-Research
https://github.com/ElsevierSoftwareX/SOFTX-D-23-00306,https://github.com/aminnjf19/Battery_ECM_Parameter_Estimation
https://github.com/ElsevierSoftwareX/SOFTX-D-23-00289,https://github.com/NumericalMax/FLiOS
https://github.com/ElsevierSoftwareX/SOFTX-D-23-00279,https://github.com/rafalmiedzinski/Z-lambda